temperature,humidity,wind_speed,pressure,past_rainfall,rainfall
29.96714153011233,85.99033154879004,9.598573800204948,984.3828866318391,3.3181165307975946,1.4796493726884716
23.617356988288154,78.86950524369153,13.843850634275856,1000.0942248383075,0.44635890432634356,4.939462613502037
31.476885381006923,65.89445554880261,8.660640632000309,1006.7959169986754,17.96083130004628,2.9348152128311176
40.23029856408026,55.295948334416394,12.536307762887677,1041.315314860103,3.6491640351242474,0.28633773959389347
22.65846625276664,75.47334970420386,0.0,1021.3482968680064,4.762002620964084,3.1223882418384425
22.658630430508193,70.90228078132624,16.70634965898351,992.9677764635017,1.3499297670397967,6.284005665903398
40.79212815507391,78.42789830041599,15.009643802897793,1020.2905443412645,3.303381414942359,6.418561806696025
32.67434729152909,74.52757702522955,8.463290951454475,989.7904401659246,2.8031395544308073,3.5273985579088536
20.305256140650478,80.74329072979003,20.27396534745924,1029.240365808306,0.38924472283941136,4.743559256341089
30.425600435859646,56.97147182659148,22.500561101012465,1005.9331302227318,0.5611444314044407,26.93852367189878
20.365823071875376,84.76091098451488,2.139521085048207,1011.5954571689124,9.084540907357626,3.790146161527288
20.34270246429743,67.963994070386,8.898201771470287,1032.886949713133,1.3709998438399396,2.3896940863346456
27.419622715660342,96.12891308937898,8.846861201701614,993.6925464712363,1.0843058312969118,2.232073464082214
5.86719755342202,54.66218272865648,7.480775191129083,992.0432272233052,3.5150932302417464,4.8964406233358515
7.750821674869673,91.03945704747875,21.63579873545399,1004.2460101048099,7.3212174887384,11.400951771158107
19.377124707590273,67.96866175193972,13.449390889817572,1028.5756827652897,0.3197415758048822,1.845255491768072
14.871688796655762,55.22872994578327,12.883881269515115,990.2098088678474,4.299645561570667,9.883601191814986
28.14247332595274,57.741712489185176,0.0,970.5176660283414,0.6346827486498934,0.17101348233704763
15.91975924478789,60.1947903770852,20.08334424167381,1006.232617123865,0.18571183634875682,4.343113379786797
10.876962986647085,71.36248919602875,5.0859328411722196,1021.2761119986639,0.2709292223847981,11.964056168016409
39.65648768921554,72.8425323205325,15.479461042130627,1031.0039262460825,8.98378291640906,3.3087801630028957
22.742236995134643,56.394499940921314,17.219015503665535,1006.052579568719,0.6276601288068672,6.636081912122044
25.67528204687924,64.63468111608526,25.88526876670921,1006.8286008932599,0.23101223915072286,1.8350963394994075
10.752518137865433,97.13405537917795,4.529436807047103,1030.3085110138363,2.8803765409826503,10.838222642944247
19.556172754748175,90.91314755151066,0.0,984.9538745045687,9.289287130413296,0.42956186244648553
26.10922589709866,71.54485504511048,16.47079635802956,1007.1721883722548,1.5218248160799044,15.313730102438988
13.490064225776973,65.570052172523,29.40408945208683,1015.8563583488759,2.738421661806102,1.767132575610757
28.75698018345672,66.80046990077392,24.911570823515497,1019.7382808192755,0.2037065126492444,16.597098831670504
18.99361310081195,74.20276959095625,16.677275322197005,1005.3528996021367,2.9808148693756924,3.477453173903048
22.083062502067232,49.658111522023916,11.066910514943622,1013.5166151755876,4.309167572435212,10.260768754725728
18.98293387770603,61.139351938649824,21.456980773098483,975.6750896988052,4.230408628003247,3.076190890590117
43.522781845089376,39.97123889183616,7.211630402364251,1003.1262738149923,2.020530351400584,18.908170161655626
24.865027752620662,70.98834683907918,18.810862154849755,1019.802630688317,1.8955755486777095,1.0832331657988983
14.422890710440996,74.70793909554112,19.043761273333015,998.2655894861798,0.5637365377439869,1.5731794479090568
33.225449121031886,57.75220306550939,23.48167925999104,1013.8847633238439,2.2848314940464514,5.434429564923812
12.791563500289778,88.6098014493505,37.07728031128862,1019.7030875120405,0.5239959709907936,0.6839266459100698
27.088635950047554,46.61351505496488,18.139327737430136,1007.8617619871335,7.2749209221968485,1.7450509137083583
5.403298761202244,43.0343767968527,10.92829099434001,1015.5569565649486,16.947475271097957,23.025924157125726
11.718139511015695,68.36677727839958,14.795405502464044,998.5590115207308,17.545214356009524,30.002520027427348
26.968612358691235,80.70647453918232,0.847392760887054,1009.9008308045593,10.015036506594138,3.776164710964985
32.38466579995411,90.25891537186803,9.442294951287534,1022.1532425438384,4.591365343776415,20.541370654848304
26.713682811899705,58.1167360569659,11.725740495095168,1015.3545944145266,6.0343131667104855,6.296580848486148
23.843517176117594,81.18021250146944,10.80729281652326,1004.202030956541,1.6788030681875032,2.514864164639399
21.988963044107113,64.42237295748939,16.218838976269776,1016.3632460643619,4.981683304268637,9.696005428705673
10.214780096325725,62.41059050088771,8.420640540942395,1023.7191468595493,3.0408101447615032,8.604679087134969
17.801557916052914,78.25489906230008,23.96824533859577,982.2508808213379,3.2890675587788962,36.17054436615773
20.393612290402125,74.78484317620129,15.001656519345577,1030.3861109743384,7.0894733728686665,2.4635929476020695
35.57122226218915,41.35411764523626,14.925597430891084,1007.956178919784,1.6558600276558297,8.919384780871598
28.436182895684613,87.14810524588844,12.376842267896658,1019.3823489986034,1.9139185224449948,0.4274066807121051
7.36959844637266,85.70137031221176,16.24152547087183,1030.9587038546783,12.927512083135063,0.9651112264071824
28.24083969394795,55.61655947735706,21.600786117341077,992.424894541543,0.28933370772913336,0.031408575161143086
21.149177195836835,70.93705300156114,8.062958274312798,1002.3583849635868,3.3241039241198522,60.2016274882575
18.230779996940413,72.41045279424108,9.735068087397947,1008.6717695618644,12.19780063549285,12.966972107067471
31.11676288840868,68.9101064873586,12.570191769786682,1001.2436971831336,4.7126988129455,12.361308461991094
35.30999522495951,56.7454226923187,4.233032612214281,1039.0240486375521,3.952775611979838,5.702328112419321
34.31280119116199,54.92564948092922,8.445937122228017,1000.1484185925981,1.4367051812518892,2.854166250024305
16.607824767773614,64.61668893512832,11.190233011642729,1004.666798307697,2.102453310392968,1.3120594420085159
21.907876241487855,82.59093528889048,21.99511344570182,1016.0658354740447,9.554350962767268,2.6801434321951008
28.31263431403564,73.15400231891648,17.1004906320154,994.9677571088587,4.096025778827216,3.7724703437827314
34.75545127122359,59.44078501870841,16.548719290940355,1007.064789323656,3.6153748500393164,11.294870009736623
20.2082576215471,76.57548065972517,21.807183697343778,1017.7617989187527,0.524468198529216,6.2063505451339225
23.143410233361827,22.27186069054887,13.901025692804827,1008.0070939342623,0.08078998311470881,0.6452012338689568
13.936650259939718,82.23148550558156,18.123718799431117,1011.5991971165008,16.577647978903975,0.14554809404290112
13.037933759193292,38.904293318328506,14.174225976540031,1005.0600183132744,2.3659327852463403,0.8636415160635502
33.125258223941984,59.563385878953014,17.122898795197028,990.2829453622885,4.621779113553947,4.227827015871893
38.56240028570823,48.20495158060784,10.337930739107343,1017.8238981700886,0.4153597691492223,21.64756937488183
24.27989878419666,45.57977786418641,0.0,1039.3239960747087,5.746070464472279,8.11569458809773
35.03532897892024,82.41240181067779,13.925766702509566,1013.2760244617516,13.48308223448412,12.948874728653733
28.61636025047634,57.98448198032163,26.38198508879952,1016.3789617587132,4.2861631879595805,5.024489392127137
18.548802453948756,70.19755822596073,22.40972321793274,1023.3908413267529,0.6740342991521535,3.591150015849239
28.613956055084138,64.29619131681224,22.723179876729365,993.9600425517995,4.358039330275023,0.9179047640137282
40.38036566465969,72.15561240834683,24.88904577444974,1038.537719871944,7.269595411285781,16.695469724340324
24.641739608900483,66.15232836590383,15.7092607276915,1016.034931946342,2.6078872281344023,12.228765267662803
40.64643655814006,45.755116637171454,16.578525659244765,1037.4778534863367,10.594561744885315,1.4725183397119903
-1.1974510408974446,79.94400229170711,10.058784836525199,1002.0045050671401,5.230330982140458,5.743791664770918
33.21902504375224,57.593651252580315,12.471417151783601,1040.2709288383674,11.475511708146918,5.345682564588468
25.87047068238171,41.651271520103734,19.926169198169134,1024.6273324105218,4.8842566937016505,7.8485873865302285
22.009926495341325,58.578272585511314,24.63107549735053,1021.2956012877854,0.7037179592046167,23.3779058829693
25.917607765355022,87.51139685951466,13.884429794552004,1016.5103668152972,1.853084928372473,6.935652235524559
5.124310853991073,77.7533261317024,11.398485881188707,1009.2720707288833,1.1269487873151105,6.216009761285946
22.80328112162488,59.77021798388211,15.00422367085278,1031.0079748771082,11.97495484629651,0.413066252652453
28.571125715117464,59.76113443522357,19.809653991432917,1015.1053980477207,7.143923467867238,0.5197860536582306
39.77894044741516,60.17547423173926,3.4491614709316654,983.4939544461927,5.6412102667967385,1.6596065442673917
19.817297817263526,96.15121975341262,0.0,996.242203074395,1.7902817713168635,0.26407715517431457
16.915063971068122,70.7290317834733,10.595705204067333,1010.2123137171088,1.0169789661595643,10.880426177709476
19.982429564154636,71.45062470786604,5.234300592686731,1017.6499847474834,7.062187429746098,10.279447340001099
34.15402117702074,80.45425181047763,10.934878418821512,1012.1511726665016,3.213771943366735,1.1699807875520922
28.287511096596845,68.5818373853977,13.817757449460228,1031.284561846905,1.2795577295166711,14.466960554680677
19.702397962329613,61.11436781268945,11.374012727815893,983.7334720394206,4.793668871942185,1.3453237638251783
30.13267433113356,62.05475226372533,26.619740275765963,1015.1538190475774,0.20584908823963646,2.8668461257983813
25.970775493480403,63.92598110878904,17.61395811681856,985.7303116191927,1.973889012717029,2.2905509406910207
34.68644990532889,64.44166645235238,17.40379487688663,1024.3956844322624,3.1607966021174843,3.725633940681494
17.979469061226474,75.9144431545547,19.977657152347216,1011.5831192833699,0.800599248605534,2.3513587317133973
21.723378534022316,65.77918828710949,5.889335057753847,1019.2941495803618,20.884657736152672,5.370317272179326
21.078918468678424,75.98960115823368,23.31289429936215,1000.0417555911536,1.1729020464797122,4.185991548407195
10.364850518678814,63.78925129837126,14.39388570771632,1032.1919739748662,0.6983402316664269,34.48181082008837
27.961202770645762,66.17952785474137,20.3638449379297,1028.6258699608827,1.1378596725190913,0.4604087755839249
27.610552721798893,35.026989732018386,6.425142135678756,1021.7531645451783,7.328011245991459,1.226900769855769
25.051134566424608,78.74491512053723,2.5699298718714854,1011.0572412970483,2.771325162598201,0.4341788203609229
22.654128666248532,70.19732713846989,21.54311726420023,1021.697859279427,4.166829443337638,7.864599674746626
10.846292579495858,79.97015164789478,18.01127620878013,1002.3966114801898,0.10616494951648639,0.44840962487321423
20.79354677234641,21.556169327094658,7.783587565139917,1025.8333348853107,0.17519016840967022,14.484590222511837
21.572854834732304,96.32562057171091,8.042695349802445,1037.7422134148587,2.951378748969702,5.73851299389108
16.97722730778381,62.90615557767239,24.003478275318155,1029.0591583996877,8.481934907777898,5.989408081942556
23.38714288333991,81.62274225106275,5.484704857061377,1002.0559629528889,10.824512585782784,6.596888123184418
29.040508568145384,49.401411093117034,28.141383626047705,1018.4212597590965,0.4534902818547664,1.4984834248893444
43.8618590121053,74.19160857593855,7.79503412281705,993.6028768436203,3.8648831609652516,1.762084719495653
26.74577812831839,49.198766552395156,20.107135404867066,1021.5858546676351,12.222453618197719,3.071398083630665
27.57550390722764,55.64346558956292,12.371052194008122,1019.759051192938,2.4548923925152417,7.201300262933804
24.255540842338327,93.71047030800179,19.825499448658746,984.9527549070175,8.847030824508789,1.8869714248299263
5.812287847009586,62.1397639885498,10.64708798308646,995.5732423413145,0.7175949691092814,0.9893883496726077
24.73486124550783,68.26149309769585,13.697656751421647,1008.7529165488435,13.69727786285637,28.08369377026037
25.602302099410263,78.05101596033131,15.32735340316577,1008.4871037928876,6.960019498419614,0.17781611884801324
49.63242112485286,72.43522831958907,6.982500353748218,994.8578459687179,14.179508158214002,12.984133721468682
23.076390352188774,67.25628357715365,20.926594763361006,1018.8346809402827,5.644593109592982,12.410678543508993
28.015473423336125,70.47441503699338,10.894291468227319,1016.7721041341077,2.258099703576552,2.8216240414197764
24.652882302947567,100.0,13.17120067727985,1010.0859630203222,13.917736546059395,1.1660035690580226
13.31321962380468,64.13571804449622,7.045205003131902,1001.6631274976246,1.611828451439742,1.2591147182852518
36.42822814515021,68.01648570072452,0.0,1028.7306068962484,2.018627026807612,9.563583746709108
32.519330326867745,80.75981594011418,13.471777899198647,1037.8311066963245,6.033355841550835,8.235823057911896
32.910319470430466,81.58288899436975,34.30092337290333,1005.746577742302,7.247583134383784,12.213492829190741
15.90612545205261,82.8054545834057,21.27683430318419,1003.8174962426776,13.253872410029023,22.178300207916806
39.02794310936099,74.58095333043777,14.845916962124843,1020.3681149811799,1.1458232657080352,9.419357522103175
10.981489372077192,47.854926309042746,12.896873366333859,1007.6295593037952,7.997389274953654,1.3554151623653747
30.868570938002705,89.50147298451644,15.179727142496372,1010.9090419900515,6.707485617017292,2.2318151603897594
46.90455625809979,47.804819104719684,19.37695292140168,1024.0947972758702,0.3296016770357838,14.771097144418022
15.094636748693116,69.5395319785855,5.553497477529241,984.3596586873906,2.448772121701424,1.878754672443537
19.33702270397228,53.68586224970963,23.914573557350977,1032.7745348727901,1.6617618740132432,0.6022923695718088
25.996513650876413,64.0379248011051,20.723050523529952,1014.0902078649401,1.815552498552928,9.719732223463717
19.965243458838007,69.9314361545522,20.745485805663478,1006.8276028315673,20.35711037339319,4.120360846050088
9.493365689338674,69.8203582317541,18.507805910477817,1011.6614876866782,5.1469809991990045,20.209835412020198
25.685629748060272,71.32881131352927,15.15693326155192,1012.4364403253078,6.323502451526385,8.404409317898097
14.376962862738951,89.20566903587971,20.38288988773456,987.0319804483261,18.77886636113732,0.7581696052041181
29.735924306351816,71.8030145227097,19.734513069931026,1035.4240734117986,2.3676635051643706,23.630056284359984
15.80575765766197,61.33765047064027,12.16767431247181,1013.6198844840593,8.093406719431021,2.3932587771455673
40.499344050175395,79.46130752432536,10.411185816824792,1019.6450319567107,2.8504986938955605,3.2904067081376227
17.167467076637628,82.8420573338696,15.814850362095893,1027.2732465586107,10.183200535417038,4.1168007541216545
21.779384837943244,46.58588277294511,27.3921612119615,997.6825631365955,0.9962657002461488,0.42066286860252605
33.135172173696695,73.96100104774787,5.087143394768793,1020.1020784855284,14.752473209791939,5.489617578747867
12.691356835660448,75.51759113466348,3.25979787398048,1008.9853836365181,1.2344393254175554,1.0528920983150938
27.274599346041295,60.53654744960012,16.318086729892133,1025.7015616282474,1.974261916458344,4.099553152086182
38.07142754282428,85.6356021996743,15.407101614848145,981.0915886947275,7.056876044507961,3.4550039541196425
8.925167654387725,62.7491661945121,16.386733314963266,1011.513585496381,2.502356588495185,11.856808249853982
26.846338585323043,66.88364680207313,16.951625583268,1003.9576901632406,4.685164055357775,13.003339730593503
27.598827942484235,62.40392263574196,13.214381962921559,1019.4839442595123,2.9400949690668092,1.332337341035434
32.8182287177731,65.23368571372201,26.91890750881666,1020.050662810523,6.781152938586439,3.652608667198721
12.63049289121918,48.55587369657197,2.1927681721878756,1002.3856115776696,1.2959995220950262,3.738977218169742
11.795433869157236,43.39923676108559,8.372023801758033,1002.3173920373594,0.30118154329465263,1.313437228352391
30.219415656168977,88.91757594837458,14.17396191880762,1011.3400194716401,1.782870441360368,12.813881440399303
27.96984673233186,52.29557977522508,1.854489510766662,999.5503665902719,3.215205269135781,9.826898010839948
27.504928503458764,50.129114758155396,13.593164764543431,1025.6297554317819,0.9197346982224508,1.6895398683139182
28.464482094969757,32.699148295944276,28.291761325824147,1007.4618919932883,2.190953659796779,3.654765043163438
18.199752784215093,55.41557378465747,15.167091906367695,969.3951767101754,2.5539866066122805,0.8946514766862591
27.322536971610035,45.153653098887524,16.845607245749466,1007.3776691506729,0.29552305768193454,7.9153355801032195
27.93072473298681,89.63022740204553,4.918681878619358,997.4218426873404,4.377030674777809,1.0351487455348831
17.85648581973632,80.1472563401395,10.06910873568418,988.5308627680859,10.785650325194624,34.112053834317784
43.65774511144757,54.67774482233414,11.998428957408503,994.4386004266614,0.8228576022456812,12.137863105034304
29.738329209117875,98.78653708016463,12.458279225950127,1014.6411270774945,4.554128628821411,3.957499705539131
13.086965027973514,79.72648230487391,25.253150360030148,1032.9296124237235,5.464232786109861,6.9126975284006775
31.565536086338298,60.12752924737066,19.461528485800997,1017.6977671079748,2.7179036506796725,19.38373548047201
15.253183297726785,27.508914276896405,6.108336344503744,1003.9024491767639,6.038190690047156,6.461271628207128
32.87084603742452,99.36413858886112,16.97203822745604,1019.8385629275606,2.6443670781082584,1.5341134565258983
36.58595579007404,44.15641299854606,18.98577398797428,1006.1136453467151,3.5123251659203096,3.8075729826422053
16.793176816482895,40.31901879564663,24.12119230817013,1002.5809944625528,0.03690105720673507,14.81946085428789
34.63376129244322,80.3385564801446,27.64432549254699,995.6845599765053,5.883735941515056,8.267384693920054
29.12780926936498,100.0,6.879246465377051,986.7225678987243,5.413832676009013,8.415151509996424
33.2206015999449,85.76409227765777,8.513139910317294,1007.1511444016083,0.19578813781308682,16.12851870283495
43.967929826539475,73.4586368007854,4.93937712868307,1015.3708023488019,2.2963085135505064,17.95249633828001
22.546118839971296,73.92131512497929,13.12784112714415,1011.5506449497767,19.323751100352617,20.18511317755769
17.462638356425103,77.80123338170462,18.730866995570675,1006.7604960807896,2.7299895897809288,0.7972296950026525
16.104855703744768,76.38392884680148,22.898676132712815,998.8138090895483,3.4852278985845384,6.284310621965615
16.841897150345616,69.21787135954064,14.392391810859818,1022.1236928752745,12.035849445762416,10.79228214142936
24.22898290585896,66.56301655927814,12.441219813961249,993.2430212008012,6.316170830807772,11.315142656701427
28.411519748166437,64.06110308150717,16.214063937989923,1024.640418707652,4.362208191713996,7.465790362665336
27.76690799330019,53.690531166999854,8.318856786959817,997.9667447160991,7.9926056234838905,1.4597309559937386
33.27183249036024,60.78987384699839,31.716309773558187,1001.7134714397044,9.988985809830007,12.772985145290768
25.13001891877907,39.605647787069216,2.1387117830555304,990.9982221407648,3.0521992544632415,10.186906996646357
39.53534077157317,63.52490559807875,16.477924631165795,1005.4789677967154,3.222817235449181,0.7205861209174003
22.35343166762044,50.17113339273624,31.188849753837115,1027.6296868771697,2.439216556819023,4.986131009021263
50.0,48.44616024176344,15.054398756479982,1020.7344213266593,17.011911419677435,1.5290651558538024
31.25667347765006,67.69841226730217,13.479687719988044,1027.6763316804206,5.972856590439909,3.293600589932539
16.428424435837172,85.880034295169,12.140436617516583,1020.832138189009,0.4344554640734276,0.145972421266673
14.291075019388877,78.7747490900347,13.556866545900737,996.4449525720445,9.93739838116295,4.091004445083225
29.824724152431852,41.442490945652345,25.982787797412243,1008.0381616350867,3.2750192844142205,6.385873800581276
22.76537214674149,50.15557795144494,0.0,1001.2970130632381,0.3561585205662998,7.731889513413658
32.14000494092092,79.11156781982324,27.267469610370604,1032.9586235605857,3.9893978583499825,8.713027506155749
29.73237624573545,50.26268909692536,3.6083427803988393,995.0481703036053,2.699249572296216,14.47733384042944
24.27171087343127,61.63050275004463,12.866781366124682,1026.4054653408366,10.50841141219809,1.941291407462699
16.53206281931595,73.25078148536828,11.566044637610705,1026.3943080516315,1.140746568877711,1.0270483756397215
9.851527753141355,50.47483317704547,19.708426158165757,1040.4443030257414,8.75686860262072,15.259365343076492
20.53485047932979,66.5806325921894,2.2150051849300194,1006.8547011105576,4.078706631177119,1.3626330568708915
33.56398794323472,44.989617576226934,18.697381328655542,1023.6848323937024,0.28079029470381955,29.43462771060813
27.14093744130204,55.9794853407318,31.19447698629482,1047.2247775480826,17.85020511355982,14.78858061215846
12.542612212880119,69.79672901213806,4.094607963257516,1003.7353748459946,3.5935070732554744,5.559215448108742
26.73180925851182,41.105093997024966,16.517649340883164,989.9743962870147,1.7186303907754372,31.8859699176962
28.853173797288367,71.60712106940599,9.704142577627128,984.7998494913835,3.1687986608871324,0.81960007885158
16.16142563798867,64.70543301609978,18.407097649544287,1023.69068043292,9.754635990236144,2.8885137724878973
26.53725105945528,73.28734931625722,15.153182219326016,984.7527468791212,1.8185202687856585,8.13384952355589
25.58208718446,68.35871201096992,9.868104727645523,1007.4152142059312,1.0701534770501977,3.446347864240781
13.570297021693769,85.46210644960766,18.902978278968593,1019.5596978055844,0.690975522387576,21.090215410021194
28.577873603482832,66.87836753971861,29.434784878293947,1015.7776330524487,1.768108039088484,0.5430286960702888
30.607845263682343,58.558916883121206,13.47276966618161,1019.3816729627625,7.5717316698802595,6.377612078290286
35.830512431752766,66.83446254548426,20.758063537185457,1016.3343478370128,3.1897580193027464,7.149705614398423
35.53802052034903,73.14947043554582,4.65381633703069,1032.1829871997008,1.2904972825242003,8.461178406802311
11.223306320429089,65.73290105488556,7.34850898545593,998.715254288918,0.9087186165179261,2.362125761575523
15.621749600848773,65.60887536805824,18.779250223043018,1002.8450729231221,2.0227986642481524,3.627581774224621
30.150352672086598,54.47012468289867,26.87292822828772,1001.4101083209376,14.060755292789032,14.846827832250291
30.137859509122087,55.05648623673578,17.84490679028528,1025.4528771779392,2.10055959878204,1.7347352771492615
30.15047686306048,43.96092092300459,12.495535755814766,1026.505978825926,22.16621058871158,14.029600695423001
50.0,91.24365114780409,14.994331243386833,1019.7683797897777,3.3201798269678733,6.616271109205264
30.70890510693167,46.34205146913072,4.99673812824226,1030.752405003349,0.9871592316682497,11.4901822239774
36.35565640180599,54.60642203306139,19.836122610842935,995.3293869893542,11.08846734600884,10.003132515360816
34.54001763493203,54.22389101646204,22.058664498587273,1038.008361673267,3.0842222723172408,1.860618228427328
31.51391251305798,78.42386565416662,11.383277337335358,1035.8485793256839,6.183708497195263,6.729702376063098
21.847307553596544,60.57575482561958,11.239662817923989,1024.0343299586862,20.586505250561608,16.182865803855858
32.589692204932675,83.716131090106,17.127025837216387,1039.7269836315659,0.25738945354293113,4.5267081876798985
17.27174785462428,54.897640636341976,11.506242111675236,988.1506518848335,0.5084726612342598,27.191384612442075
22.63181393259991,69.18491243335703,14.47093908299342,1005.1332779560602,6.3729911360493645,4.814980700187508
20.146364521708964,52.46979420110364,31.797774313332123,1001.9704480897707,1.6552100581501072,1.2325380753549553
25.818741393863224,97.17723691660083,13.023794394032027,1023.8221898563602,1.01855175627672,3.946959976120616
48.146585666735085,47.18602371455731,12.133278783830223,997.2478889059678,0.2007875341000006,24.242988330520053
6.3273480740825185,69.64731065340541,9.819665554918727,1024.3624272400623,0.1104444250936431,3.082016394990454
31.862601903745134,74.50665321398148,20.953535771999494,1033.5580421599507,7.4468563890961414,16.20557814708981
8.872841288103483,71.20698646177247,13.550206614255176,1023.4280435012599,0.7218549460335216,17.04592461250348
20.280681342105666,62.220685116834375,9.805015693428592,1017.2562653549226,3.1529338476935247,3.4485593422736747
35.889505969673664,63.05268950399861,25.5704322581841,998.1818998864887,4.655712567820531,0.6954306043459065
25.642800190954627,65.65717207968665,26.356824036109096,1000.2972355081196,2.796157563870309,10.315022952538385
14.22255222070694,62.79496997557267,10.196611474090359,1031.74428357945,0.13740407330152613,2.9860625957168785
17.846962907400318,79.45818675192365,0.06768038911507013,1024.69023505858,7.650858359617665,12.220047834818788
31.795977489346757,98.15784502387027,23.060109518695377,1012.4147072093368,0.0528443945082271,4.676564551648688
17.696333682828634,56.637623224882496,9.522961393919967,1006.7313568135116,7.175110418121385,5.312851670362165
27.164585895819748,44.45295530631383,21.32500479330215,982.6128819033294,11.188881188318529,12.037359221133018
25.455718399038137,63.67576927473118,0.0,996.9372137197334,2.83556844461547,3.8548392700244096
18.48399652394183,100.0,22.140778706394475,1041.671286307096,3.834425816125082,4.6833495387574295
46.439440893253256,52.944881480454036,5.31062456575375,993.793166434963,3.240710306721102,3.775281564962333
31.33919022318011,89.58675208166102,20.846112952532195,1015.8421973183163,2.4649990806133593,3.662583523245026
4.748574133423929,90.1655122111466,15.114184542691472,1028.1116595979279,10.920657427566516,5.97148205343253
26.864543147694278,56.69617637438008,7.368484644826841,994.1761599799656,11.218445618418789,13.235458984322776
18.38213535231612,73.53474618777913,11.743709496585756,1015.7706571217162,2.045983042331863,3.592431312821059
33.52433334796224,89.42594934692806,20.490547655653607,1027.06873306266,4.773465701841266,5.942981561299888
17.074792615672994,59.313083885187694,15.847155624921873,1013.1874898286087,13.080151834527406,8.886952587467276
23.85263558533101,61.946294598464576,19.675303843779872,1056.0260458350015,16.358548756225147,2.511545261874061
30.04987278980457,56.274786290770344,30.811524676123884,987.9710111168271,3.556138669689523,2.6005553869795484
33.657551941701215,49.778649039607,2.486067106311589,1028.8809279482582,3.014931224978737,21.673982586538493
12.997035929442237,55.26083682400989,27.937700599748993,1010.407973939053,1.6334612959409631,10.285356040079257
21.654987641590516,46.64089599856615,15.834847500185703,1024.57880232255,15.95531520471371,6.8865960983414505
20.25054688839044,65.51125202388839,7.8097276134149745,1019.6196072754886,0.7705035148056729,8.34663295620815
18.46670767426288,53.450401534120374,4.3574909940880815,1002.00265704335,4.335474393463496,0.23789795646358816
42.65454240281097,68.50678867686122,13.487036873783731,1016.4349458868901,1.6602619653102622,7.700834000513028
29.049817109609556,41.66156530694559,22.373200895395676,985.1314782290257,1.6356382008261607,5.69878472241456
12.391160456649548,69.96320348321686,13.979607036979726,1022.0487125085709,2.5957054025217245,6.3128549341012015
34.17861947054776,77.50293442413387,27.08923944197878,1017.4723769898579,33.59782080761886,3.5630978964165747
46.22156197012633,35.09396536142817,3.390594479587529,1022.5799025296466,0.2826734899311677,0.6798796507622169
35.32465260551147,70.61084854771359,14.903288417231563,1028.8717748763072,4.3201735964095525,1.718816503370968
9.806300340459867,83.41503488709938,4.9808524446950475,1018.5142976031457,0.43090674253086986,24.08590856951682
20.157659271337486,46.855384719631914,17.909055060999744,1015.2213412969742,0.8392587362282147,4.203448286984693
37.669111491866225,90.08858580256555,22.095099120778404,999.7839749500806,2.895191692672631,5.029116616665523
17.923305343812192,71.28528514049067,11.633905650551574,1002.3166885452642,3.57144686309625,0.433198245076913
29.438194281462284,54.424822163623865,0.0,1030.80101930266,1.4973727113287703,0.30632020082826095
32.74634053429337,64.16346383513441,16.591585174371957,1034.5450310855897,1.9023295238839042,10.103597940874634
15.73069528421917,73.37490368782584,18.493908413868077,1009.4283434553192,0.45491638323689626,6.179162476723677
24.404746439382,66.14008087118617,18.234358039693582,1013.6900412087991,1.8064262313775978,5.685700162021635
-7.412673400690728,73.08133988669553,24.886257534577233,999.4307843750935,16.989779113062543,2.2284523540720858
14.756123586657102,51.1898961038095,6.431570562807609,1030.5913526790116,14.475579317476619,10.924117506146365
22.474318486068398,67.54041236054117,20.441728843603595,1022.9812523553767,2.0389261636121576,1.4736578278883044
12.522168180351505,43.79428254642529,24.540060099823798,1042.1182615469563,4.229789715639278,1.6851237694340062
41.32411303931635,63.33160907976949,0.7712993279478653,999.825153842304,12.01730014798798,4.9400467654665325
10.698586220393674,51.44138537802815,17.557214607351817,1007.3298815147267,0.031015108309698315,2.698114857781068
20.59955513303016,53.9670508611535,10.966561351938628,1016.4716888378836,8.321677164334286,2.274440713556428
26.307405772860914,83.54139762815656,14.347818615186833,1022.6973430658866,14.818218591413173,8.290457079569439
39.412732890661154,81.36965180891403,17.78141186830669,1009.7649854367855,0.4788429631317092,8.420819206380392
10.641378488205607,74.13707181360766,11.102171487091582,999.9055836431945,0.8803915486109798,13.921708036991271
36.63163752154959,48.61530852991132,9.594335366707107,1026.2211129338536,16.188548211409138,4.326273700387741
25.10233061019587,60.25387325457797,15.273219339904196,1023.8170304381837,3.8559776142847406,0.6071480756730361
15.18491348952049,83.19646549968775,6.302032489097579,999.2558884915442,0.07149185354754567,2.5579667584400108
29.62103474263271,67.12575370459857,6.313398968918516,1033.3316420165825,1.4895510011091286,31.298369620671494
26.990596955734702,99.7899430997254,20.43498626365203,1030.552980637949,2.988672977894771,7.255845149098125
18.997831228412053,70.89976759091557,5.809647718730751,1015.0144474587169,5.903054343219857,9.895745300676102
25.69802084990019,67.88073674735047,20.330500007273695,1014.1939679356406,6.605537341168576,0.05908025575540481
21.1468640313824,60.363253036962476,18.70073034283161,1021.3108665667386,26.931933342485248,5.84190469042953
26.13517345251248,67.00311357173423,1.1935461696752263,1000.0744539461562,1.6949554269810665,0.3060078985797607
31.621306745210468,62.712952454291845,9.57948278131476,1013.4504721874613,3.8633345619544324,6.737451730897048
40.86016816145352,75.62163015032885,24.55287522437898,980.7142468308623,3.810595416972328,20.28328790182972
12.621845011731509,79.35053475191876,7.150675750882547,1026.146834682544,2.60139465779218,27.641629898381574
46.330333746562665,53.21015809238076,11.2847659015249,989.5776016633721,0.9266016060389448,6.221847840619106
5.4791220047749825,45.03150569663333,18.696487146015173,1035.551297426435,18.961556528390346,4.902937747377453
23.482149049644168,37.456919403450556,21.267124074260764,1008.0481985905033,9.597413779439295,23.205863572619787
30.883172064845766,72.61986990368815,12.987688911644035,1009.8249952710323,3.4490939120805053,8.957294231078178
27.809918677350325,48.449500907391894,10.219918442466867,1003.5839914087325,4.622186913069447,0.5368082646102381
18.773004801794063,32.706641105712755,26.378958893588063,1008.6794168911689,1.2890700112906384,5.014765380191999
22.918777496427246,70.82867906796446,28.91119731038063,1034.2779701772206,3.9239781378005087,2.1980743231812285
20.069990653411672,100.0,22.830864406254364,975.6828701519738,5.936727914885518,5.076073086091899
19.106352430557884,64.9089363269016,15.682545140520192,1032.1544807913228,3.6197541789296137,4.862592879756111
33.496020970210246,77.57736161677462,8.53387422687259,1018.0703522165256,23.170508776151685,6.980962597528947
28.570154859650472,66.22744037821347,8.356444747547478,994.8946752821417,4.725273074927703,3.530029461901401
18.07090404739346,63.51665520213286,19.18011284212606,996.8703141042614,2.3179111538684225,1.4356017789605693
33.995998754332504,78.78614724481653,18.34718576710947,1038.1458954081231,7.395383301091531,5.604910848893297
28.072995208766095,60.64588183717023,26.212788743571437,998.817396800859,0.9344348818922593,14.185207935786595
33.1286211883896,69.01088471107855,20.20360074028911,995.6997423410606,2.4267301307151667,8.725444101916132
31.29628841923612,69.8254670929402,2.975357585921456,1030.059718135471,2.1305764427688483,3.304364529648844
16.710049890779278,54.978643195354266,23.415580941783347,1018.0782931442888,2.826471483150584,21.93157648717724
19.398189598030307,79.88063524304785,7.015514981484697,998.931116351954,7.611253765342133,19.46224011972592
32.472936051232615,62.37560364956887,11.928229824381187,1016.2493746310693,3.309919516937448,1.8791829006756298
31.103702654334647,53.66382260760733,17.001601650013555,997.6137097453958,7.899746297875579,0.3217239704895471
24.790984060358518,73.04764765355606,30.965339918271717,1029.512320976339,4.29587781246959,10.81695881858673
26.17327383308782,51.52298027313444,39.87934844804289,1028.920564473097,2.0932793851026203,14.063979544885605
37.77664895788425,65.42271736053692,19.853784473089462,1020.9800929823291,8.30309668864543,27.502367945702186
19.084286111641703,64.86321505033695,13.534427050236896,1018.4249159187052,1.360944703258735,17.646309533554636
30.47097381170038,81.28843348747367,19.276045187844403,1039.4178218730106,1.2704820564755195,7.341028374925941
22.97807347566106,72.12047349319928,22.10124340699069,1012.9952949108234,3.5109691322508203,6.041071604042904
22.823187967727797,64.62459561882284,12.434658995542467,995.271888118688,1.5112669074681186,0.2258876830658889
35.9877685198719,77.26649448800431,29.361690847298576,1019.7421086924846,0.04564286944328279,2.2658712747254697
33.2541634898803,85.8531132352597,16.840566073531217,1044.2907057430566,5.224848544077591,4.9237837685762225
33.135096360006386,73.36715459527794,18.981944712731153,997.7786076022122,3.577923359336209,7.921735304684274
38.05478807154329,65.15528929765071,20.32739401643569,1007.5780584995903,2.9486029991851916,6.5180331446464965
25.210038416327592,45.32245651474761,18.372692884915644,1019.2466905715218,17.05147034953414,10.858110509192267
31.819529712949638,49.02329505386941,21.7115240037569,1012.191427264914,4.233813830778963,2.6254432980203495
21.89733243406544,60.421629434679986,10.061974507624615,998.2654462943403,9.954647641652643,6.658402447219986
28.241663524884423,55.85731696761076,10.533585968431755,1029.8278678434572,0.750919168739037,0.7381701576194549
23.698569456323153,62.19543045521831,6.198766136226441,1047.8006108302588,4.210631682170712,4.2709189869534185
25.969959649927183,65.8497488734566,18.51600984496181,1015.9419718853586,10.123995126788541,11.09550319972004
30.951570254369138,72.94539131535096,21.231492028096913,999.43897565396,4.374613519645215,9.457712768593659
16.817793167665275,63.94251832911363,18.662182929215085,989.7655921241978,6.329492431770306,37.3728197134767
45.92387275685461,72.29752465739303,28.3959394667803,1016.8696397183177,2.326422452088375,2.604634851415438
14.93982618500298,65.9671162221518,14.955231849367628,1029.5581601497438,0.4850304289052596,5.516258563157779
12.85811387212268,35.36800150469193,20.3499332447401,1020.1275161974307,3.061526685652196,3.1982154970487735
36.581108735000676,50.90996909271868,6.266392990885485,1012.9639423862172,2.5083333998424107,4.647168520113112
32.91662693962936,62.83868666417577,11.903202380204792,1004.1609252231605,10.089293761294103,15.556495738772284
31.24119817052155,46.85457885738339,20.56430206052622,996.6175455092286,1.398538445012143,9.221399317699875
31.2834550926428,73.99893094994307,21.79281688594515,1025.5212698948733,17.016131322534825,17.126532571490714
24.877532271530853,87.96126248515546,12.648264418686542,1026.7065743207838,15.866898233462193,1.8203367692782213
16.027456285141685,83.28142777545975,14.427205985135465,989.814053199639,1.422646193108916,16.531325522964973
25.758045581937264,61.79835693604688,2.8570100265535245,1036.8475846727104,2.1389520327275795,0.49298028705299585
18.228382884878883,87.36089205274928,12.143766393547125,1021.61106831341,11.29550877690156,17.556971937906336
34.75119733417751,67.23001185803167,22.12306530815829,1033.9939196771868,16.99932448348955,3.192768820342559
23.529426184978615,59.94371043322941,19.60164012885253,992.8680837727233,2.9298934269369536,3.021877014642098
16.745028032074885,55.7989600468859,19.005325771049677,992.5126376687684,1.9356490019428678,5.740971193858126
21.786141583470066,60.462954702678076,15.39818949744768,1010.7654603534905,3.7337315857610225,22.599844146047307
29.129314542756244,59.17734772188157,15.056505269025411,1020.5417664034279,5.820063207231278,0.3916848928819792
19.36275447196025,67.55624333563232,9.717430884212423,1039.9454123439045,1.5974085897829629,3.4737687134494495
16.777796044335687,67.40860971574797,20.590627361620278,1023.591183707227,6.668000560401078,15.535376263648802
27.436872114919122,65.04569030230121,18.367783555115118,1009.3597808478195,0.2651970219359077,4.03417023635732
27.449665711087228,71.55407254619524,18.936150783942395,997.6044618850116,0.252754654061188,1.776721826000869
19.9305682462887,82.85969412179512,10.791721258659358,1031.4500085907873,2.4411451790312495,4.4242188537712765
20.28961694381677,79.24331203161985,0.0,998.5294186137393,2.1807030768327,3.896254330934193
27.320499373576364,42.726530473251444,23.777221694029564,1037.4270283215849,1.8963063511938427,19.760100299266647
10.519156585026758,26.691182976470678,11.169300351932767,1008.7342302559024,3.3767304482344684,11.481671289167442
10.925362256234447,79.01479866858911,8.097793887655035,1036.8587310892678,1.9337093032494221,5.627447916909448
17.81555778747564,44.49681952376868,20.54783129531195,1023.1839693508891,1.0675623872149762,35.63372834338173
22.865528482881526,61.62851897160975,11.863898880646964,1010.9450676583631,1.851476036529416,5.0080593338555355
28.109075655980046,47.448304609109606,23.479491072372973,1005.2090544226081,18.425288394094434,0.4800200849142874
39.753562169495524,37.970293436299706,19.93604759661358,1007.8863818398088,2.6476083621871953,2.4334658660741604
33.576596232020194,73.12194092307182,20.46855458560382,1019.4247503856286,2.941348899641984,4.582608001765636
23.40061470036573,76.3873274045397,4.072354310395726,1014.1573474432657,4.296540020920419,1.3653825324418527
24.809837920973113,56.35234398909921,24.695551883091206,1004.0928288789694,20.47395383305034,23.585467046829454
14.974706353621912,26.134365617826354,17.090004249870848,1010.5155288452355,1.3827300555338742,11.648548227092139
24.8148686400761,56.806333276212754,12.045782886030375,1014.1786554457873,5.71724463254645,2.4989375385720978
22.113413610798617,70.8770600810382,16.147107738738008,981.0689885837778,6.293635731467112,7.148498591554615
28.227185603380896,42.81632646838807,0.7901181368134402,1019.8725217218305,4.673857480194014,10.225237412212891
16.72769056447677,67.75039879668734,18.269222491845365,998.3041816292479,0.46374817200398677,22.679653233233527
30.193465142411725,64.77035226240507,6.765027934543427,995.7000139519138,5.64853801523644,17.07188126667252
40.32738913002578,73.68937249401633,4.1786377132517245,987.6898347933393,0.3312049731437815,5.792022473297129
23.912398515431423,66.79370552621229,2.821126510256871,986.0916125319817,4.533467781591341,11.920897242828477
29.017117220989412,50.40396588677667,23.901506999919402,992.6682874533157,6.72732043582701,6.606935291358253
31.901439917111126,82.94857252496737,9.96589285045769,1002.3646856355426,1.1847539870973123,6.436275722457216
20.987795281141636,62.62205640459545,27.269821679331994,1042.2988870628985,9.21385372880897,0.9750088317919173
27.24092481810417,64.59043190735102,10.713588295581618,1005.111804861572,0.15412010996799702,1.0786593534603808
25.12592400781795,51.00098061390206,1.3411363392564262,1015.6662515940204,9.283501993670866,6.032246142622083
25.97676098548832,58.35076623212734,6.067804480410727,1019.007220797595,3.0839783909849694,2.5052194577098623
17.269902161445337,51.727959289596484,24.88649296005551,1014.9659777932377,1.2268687309126556,0.17009064957818135
25.245101742589426,62.405809101148655,13.75281457650666,1011.8383480891101,0.7180710980969138,10.265259599037963
29.979982912454496,90.67562720213516,10.613701628075193,995.0705935460113,15.320823037540091,0.264208004991541
39.51143607795042,44.421482856029655,16.2801458068223,1034.7639132241882,0.3772051576196155,7.236416031117564
34.59270826085207,40.79657903184888,19.01426188934036,1040.1079496545683,1.1100548392448715,6.198221616683908
46.531824575115564,87.06755491240412,23.939190527219687,987.7601195881597,2.137191404536912,27.742465175239595
17.326524371119504,61.86014484272201,26.587993839143408,997.6395711367043,4.841011204494486,5.296493276679274
33.723206367206785,54.963908920101254,12.121850833687315,1008.8028448643449,3.9351039017353178,0.5257126184215474
26.833420057383517,80.59857031094114,4.391618511343694,998.5319330763472,0.671335415390899,6.418126308632035
46.89802933217672,55.91576690394704,11.692278711013792,1020.589483301838,1.71053630411802,14.715648851180603
16.917017146448487,92.39014570320404,17.08224405266309,1002.0759169639008,1.36397893255261,46.08100511769676
16.60278157819224,75.16888807008904,7.289928590315113,1045.4758410170991,1.2010852277966628,4.501769268540288
19.00607354555978,57.68132887781446,7.342792680839657,1030.8582289151539,2.6478708940377493,3.0888152363643626
3.7610427569019294,97.35962319898255,17.750303052399083,1016.1886104594832,6.08751044529768,18.971477822375938
19.74244978319239,55.914276154949924,14.610781187436391,1028.404793949796,1.226006039278473,1.6980456080445598
17.40867338446302,76.13143058013961,15.262375963292692,1029.5885063653595,2.283888432115991,7.645013045973327
26.503937864762076,69.48938870609737,8.932037322399445,1004.5407876791263,2.479007161768635,4.163162462231645
28.417559757771595,84.52611934098198,13.156794286353861,1000.7567413318706,18.744533776833784,0.33560075264584255
43.761708392158866,88.42266795090279,7.606134845853565,1014.1721459445447,15.468529241937958,3.41296012008099
34.5042383818605,65.4800622359865,22.121587288998295,1025.924541867469,8.050630314578598,2.4655659446640454
19.23096344337597,53.69873194480725,23.28199467779002,1015.0859059798013,1.383110110064952,9.269221075215418
16.01585328651642,71.89958214408675,0.23049710209524932,989.345052767135,0.3523125083853791,23.77464137761606
29.919191715065057,54.834269453718406,7.56391311846072,1000.9576333407374,1.9056003726596442,2.496313845845708
11.797667929793578,95.20080871289935,3.0277659592793675,1011.8904070460843,1.5516466455118114,13.347812754094077
43.31458765854354,67.04802996624106,9.799808524744815,1011.8650159351125,3.5253478547030976,0.45560946128291274
36.79440120721287,59.52017673031837,14.332496241677113,1042.5881326518472,7.5192650862815515,6.179618789617882
20.308243478952953,67.77020458797362,3.402838242411759,992.210180864015,9.771025143988215,0.5852986733982973
7.868654709091224,44.793105657054554,7.625121494997495,1020.5838386275382,9.317268389840109,21.748804220367393
38.538723741654124,50.42578942234023,6.968341023348012,1035.3366966249243,2.2289014774395017,11.63149192412621
23.85460154747382,83.00620861916639,16.658138635191552,1047.071746181342,5.811505350055038,8.582384753419374
37.378163119734616,55.14658581542906,15.554754696290004,1006.9340386522406,1.8758983655938077,13.893461731319093
9.055723412056329,49.296335259770906,9.226099573301973,1020.371441790803,0.31419605949613155,8.34208652762053
19.006249770462272,73.04979128790929,16.414566977115182,1021.5464053579797,6.046020076459111,27.7758083328681
25.052436997181832,82.78556231994496,10.626559323301876,1015.9322259732994,0.049380808496267525,10.012931548264586
25.469805937647422,75.784299659976,12.826759117391575,1011.5173219814104,2.631241279700745,20.685804973191317
20.499345285207564,79.94071528708724,28.387616722388294,1019.5396308425007,1.9977576588575598,5.824093847716158
31.22849932347499,53.64807367145809,25.723688414322783,975.0163087217047,5.910690276707358,0.9960242313866602
14.323795706174057,43.67283999887235,4.603350104579219,1023.2310423509394,7.267418715654293,6.00922314191847
23.576205149787064,87.5200047793323,21.637859343033398,1014.8926685549295,1.812707995578756,1.085392491439564
26.20295631711899,60.15980241736796,21.491172435932736,1009.662876548326,8.346656579470675,7.18158675526527
30.14438834058749,61.23750475317429,5.813893689979054,1043.7029329357933,1.7401107273569383,5.269858754593121
32.1161487808889,84.92291212773587,21.550221150038887,1002.8759897181417,2.955899316347989,7.795075676799875
13.753579081621307,73.3434501410099,27.30345534730042,1006.9538601640245,6.491756753103576,0.0807823407239646
9.658858292643778,71.83831658122412,6.019641550044689,1042.873299533071,5.903238627443741,1.7337189934410395
37.77676821898509,97.47503517351626,7.659977431885891,1000.5190804272521,21.85779696431995,5.407653214788653
28.323140119795916,55.347226544297854,23.14129173474802,1004.7482707559519,1.2755002219923774,24.046836506334117
17.515134634434464,78.91760192121856,17.171962486605185,1010.7946186485373,5.428251993587033,3.8709907361707048
40.51151975522523,65.85519687345626,19.411810201916186,1025.6110172319432,4.7039662624491525,4.418349644167994
26.156746342928585,69.02888418294886,17.724713731203973,1016.1170376102997,12.331314909719753,10.033602500021646
36.792971840638266,87.92702639618798,18.125567367425152,993.6106197927161,0.8501597712233924,7.406542915486414
25.67518481410109,72.61753634434436,4.388222973511336,1005.0174715530922,6.967565036572387,2.841136385087708
45.60747924881987,73.07444118574449,23.378541652971585,1003.8896835018169,4.199758405261743,4.232139372875708
42.55340842443204,81.08761005964703,24.356719939422188,1011.8416843216543,1.6056143051850946,1.9641337853916654
22.510358515209266,59.52570905685672,13.164874047455777,1019.3876548794474,3.216406206193864,27.056208836112244
34.71570950954356,52.4118549899149,14.6521844014891,1019.2730863383196,2.0306511242698644,1.1199320601134615
31.453759495851475,49.327862089684494,2.751139979554223,986.359823689274,4.329335735985363,3.7196419927530524
38.68631557532349,35.50465115935997,19.114038048142678,1028.959114813413,10.991152902598856,0.20942930193328213
15.350765394198955,95.84310694910484,19.57645953371315,1016.7885326899493,4.211775299029261,2.0059629245675117
31.86051459998439,48.451874514174754,14.502471864005512,1033.7679807139086,4.994591635636997,12.130172536745482
35.58424486849588,61.68119564621342,23.99482687896402,1019.6629749093601,3.6568195993113637,1.7969093741842777
7.412605135768857,60.84780050166619,12.327382152160476,1029.5198443660365,0.26260448236362705,0.6676042168496584
13.16741487334225,69.61110046713651,19.516847407148802,1019.9981796717519,1.3254204188196106,5.146527969913293
4.607678222398995,77.23605818808946,6.842685290463075,1033.1933863430413,3.386386179016569,0.08015408248489786
22.305931655554424,77.90710232539618,14.811582793006096,1020.8337595402667,1.8570236523790749,0.7086054194065852
32.17542255795962,56.25383842146592,13.605165936777313,1011.5312713033564,1.003019919199958,13.186505655829835
40.02357052096028,62.49317429320383,16.802463376327534,1047.0865208067032,3.5072360728879115,11.808819382064682
25.740947804197752,69.2386992573245,12.04378456933313,1026.3355568341983,1.9490154525250118,19.73390831056156
41.286155455712915,61.2696331072468,13.948219234626658,1021.6061663150662,1.49275559000476,15.42148229385657
11.198985417851086,89.1101836402999,21.60837737153205,993.8554337519249,3.1179695600673627,9.19525988623012
7.966175606448452,72.36462427457377,11.50588610209426,993.6753857380469,0.7152210997701215,0.43001562942864946
24.444523011033812,76.02316679074727,2.1473831940905654,1017.3907322321278,13.13781947976804,12.21728444556625
28.840654489393074,74.94321903001119,28.996671233643365,1015.1828179665237,10.11349532637616,14.941049265365026
24.67305251905907,82.60210786227987,26.051632629523894,1003.7881615248752,6.148514781271537,12.83887311912258
4.325578999601234,67.7153233805556,4.661898439155051,1015.1147404941809,0.5614435658230681,5.68200548635172
24.108799604872114,45.5475207806623,20.517662441961555,1036.829403920654,7.477807030455019,2.1211240392276234
11.955304994951469,70.99531927628962,10.976201835589254,1023.4310371182545,8.250188411079545,14.931690454004254
31.696725488300384,55.22964659312257,17.107897722648477,995.8848723537089,7.300019214177723,10.391040274980755
28.665982460968483,57.07074977375365,17.35379303210795,1011.3273675928558,0.6049991349774558,31.606598996233014
15.601202136726448,73.7954602813264,13.124737597469425,1000.9255027872116,5.162830169926545,1.3539090402408047
19.861330826633065,83.57424607150453,8.729874675308828,1007.1845012538715,8.988630040848028,2.0460011522701262
14.407864781110485,65.31907365104092,9.475671581469925,1006.7957650155554,4.306094565032964,1.904008535629033
24.37320902726828,69.63249518898445,7.67046467615006,1005.83531626094,5.198049029908355,12.582524870927877
34.551423205012384,90.53322416952857,8.345422334156442,994.1729694203991,3.065800643803283,1.6552811954258775
15.142739536644562,68.61129769232852,14.462573679605159,1011.0851797772272,3.761379882178202,0.5518843705957249
30.040465155178445,100.0,9.273920087113986,1004.5908854472904,0.17490821702259818,52.34937960987036
19.69742381627559,73.48264468447316,20.45641652570096,969.058269649966,5.093874468440543,0.2010428009179326
17.071271677376558,38.58855861266274,26.897969242687417,1043.794580367525,0.42477952491711835,14.426320420683973
23.92969640045442,76.30012431656799,10.359574069039656,1029.33154481325,2.8547768942998752,3.637665202029009
14.64757677580626,70.71737577324167,16.915236004283017,1007.355489126125,1.731184464073511,14.741835230768862
19.463506946528177,84.34629131124119,18.99748088242347,1013.282285746109,3.941994262708275,6.470628252229592
13.021221074111516,75.09772026904938,18.776018167354195,995.4251847902366,0.7159830999231378,18.552255185009653
44.64725132916389,62.92316024024339,15.607642143328698,1038.435843167163,5.882491899623759,20.85041213487275
25.352635519717285,46.635526455659516,20.941459346877778,1041.4593304215966,7.924007895636168,0.07311857997926058
18.002744920074143,61.86465114070962,18.857991621445258,1015.3504059236978,0.8917738728987994,0.6272578915587389
27.13979910734222,52.2421931868605,5.098700621381617,1028.3529596627802,0.5508217745971264,2.3052839437688246
23.876719503091703,56.29214825292916,21.953248515114186,1015.6293016840089,0.7862844785492396,8.852722219589785
22.79030400466777,73.82867606630914,22.09832669813394,992.949118416861,10.483042751819582,17.533517533747897
31.141667000434254,90.0485675652711,8.893711166571347,1006.8226494655452,3.7558867605362027,4.928629180779981
32.57507710047305,70.92007294734472,15.303502683580817,1014.9789195015794,3.148618241527925,7.4710181042054655
19.694988523894725,47.06175406947224,20.466631942488554,1006.1817842188483,0.5642301959700797,1.6709656850364367
19.2418175935532,71.66904002330212,13.325489443365107,1009.7202008384745,5.242771881540705,13.076685217782254
22.24948302848356,82.94947229968477,23.583824382128093,1011.6290066373633,10.124751323483405,27.36992196183145
1.9807883526441508,55.85325643520927,33.91097995695489,1011.786822532018,8.806710110388966,2.502346514440848
9.848089378014478,62.989742499906235,8.712111738920141,1013.7838773574623,4.918228864824997,5.462818070312799
38.66874267444525,65.22032292093796,3.951643174769801,997.090924004051,0.3913145108669709,0.720414009301186
41.449677135012834,53.2265253037664,17.430548764839006,1002.244757763081,0.5961536932293031,6.552162641267368
22.509639604436217,74.72420650765788,20.77250004100915,993.7312360145005,0.2528308840597974,5.5898369367822
30.765569630557664,63.18577777088328,13.153069009241849,1027.6672332452931,1.4885220872054834,1.2479595542843236
28.11250154543536,71.29298665860541,26.626085306568275,981.4152958723952,0.7289538325171298,4.6681198811486855
50.0,51.6876173329685,4.29115360221401,1030.3038551497539,1.505850070756569,3.252982048431177
36.195749114345766,58.438125495148846,20.543348984252887,1033.7952409589427,2.431137075872818,5.9023263337289595
23.720824085192334,75.83572036741657,10.153113433928853,1008.4672911952607,14.3220101145545,7.0484377195708845
15.444595593995743,59.4075027186235,28.75502324965837,973.9529436825906,4.71286630451339,0.06825497388332491
8.935536797424277,90.90445776850108,30.940122825344947,1007.5803415704906,9.008254715260419,11.450534085005613
27.03463635867223,59.005457215780964,8.866747297733216,1012.0372375806677,6.195435812880584,9.98658289512094
17.436492547156966,68.37027088627829,10.60354291273136,997.8410267010663,0.5967514249636929,3.6492651188606238
10.777462904023258,78.98886247809635,21.876703095838415,1005.2717240928764,6.657523651336662,0.43510830567741154
18.534271157574736,43.724514006004526,11.902954801683883,1035.9529279829503,1.6086001089330653,11.249774068180335
14.18451996385605,38.587867820288366,14.636710256542095,1022.9739074345262,5.095880552100826,24.839942716805552
41.871416350725646,42.11515528144858,15.203107364339282,999.1315382843285,2.0848702151148872,2.197090672386049
33.816397569494505,83.93876155140774,0.0,989.0360124560685,30.314294208507402,3.126873727804899
24.920273586833826,56.7221278116133,14.889298031246103,1008.0947402358535,1.5295797150306978,1.6248931855849662
39.79944138890026,100.0,9.48217780748661,1009.7981483097434,1.6364855807506018,6.881856821563802
25.773683076476182,56.53628602013917,11.055017420801825,1020.4429878104497,13.344550501355334,1.3458477647686737
16.387157986717362,67.76826954795555,26.549056027750513,1004.9702493114851,0.12476580641232493,3.522862021416199
40.23124077269657,88.13164928851813,4.947944845765949,1020.6724936304279,5.964982786210586,9.552523397386025
30.389100436846586,95.09139332238684,21.505641493983816,1042.0273106009035,6.460858808065867,6.569953476530738
14.627538456735437,95.92255364954596,12.768296557345533,1025.232515336664,9.050999592309095,3.9081119748195143
23.096613219163917,83.12549345889714,12.761918652033325,1012.2786723900384,18.333498397554024,4.361260928095692
16.24381746615243,80.36093788717193,21.32297516841369,1010.2527429342006,18.566254018687648,6.606316458634327
11.172002690356639,73.88790423801774,17.720410356551124,1007.649902987302,0.33752395453306855,0.04705594352060517
34.26177547531641,76.67541614249957,19.56490397775625,1030.7096136867822,8.625347273491059,0.6541056883927353
44.094166404701305,56.732214255071995,22.74547728426289,1003.5902983107304,5.196671340724831,17.04642221945831
11.014324261808587,52.72701674866539,12.349532934533418,1013.6783406349997,5.211284556163474,0.6486305261100502
30.629692366905708,64.94938313883571,10.102106123937997,1013.7679685282163,0.6868361380083193,9.815300595428607
18.49357430878173,62.447230662126074,6.318795787537615,1005.473237107827,5.251785144038891,20.209646475972928
20.12874616235304,58.201579260090874,8.396715760168359,992.4130167817385,20.22279749457288,2.525181022611891
19.07606075761131,75.44581171185072,38.592755402469805,1017.844617554265,12.141794385659173,3.702526582603055
16.36009230320184,79.32957812855766,24.957436645894294,1012.0849404221692,2.8913365377349844,6.731718819793451
25.48521627944827,66.32610329437772,4.191405070335829,1020.5036070415485,0.2038390074753596,17.076858655944896
16.69049883588962,87.16295121582893,4.420336346051439,1004.9959954034125,2.2493855857565976,22.765486288166688
27.70456825779839,47.87466328799742,18.85492849374793,1031.3123194821958,8.754728347802878,10.763161938568468
24.49761890550863,62.095108110804226,19.378118379023736,999.8483932818224,6.044911679935314,0.7248241028672422
22.610519531335903,54.247665190957925,19.391070682538917,1038.6806042602684,3.0748571244227705,8.848821910246606
15.92436337958402,37.0019507439041,12.960353651570417,986.785452352576,0.2833890093674992,4.22518125970853
19.232286694316674,63.75978971235951,13.996365919976798,1019.5215509683534,2.783429290328935,5.089614307569484
32.55391225825756,63.17378737425075,17.62303619327486,1020.1314602378993,3.165201131484224,0.4031781178116013
30.00917187624381,87.70174614863197,15.687144050346642,1001.0666439808867,13.194174074456997,1.6962653995468306
15.224447552014489,74.46217526832166,0.0,1019.3659090679151,5.123363810539972,12.504771953258862
25.993323054292258,49.63719763506192,13.16160295539845,1032.1927800464023,1.8673104332512158,4.840487269849817
32.51387123371789,92.81138849501282,8.188748525917491,979.747717409689,3.725553649703846,2.872419189981685
8.305947188786284,83.31550543288029,16.401691351268095,1020.5411721123622,0.3416902929515955,3.876314241254777
30.43360192379935,73.73146555202923,38.88207202082728,975.6009376950489,17.980268270906397,15.415110405453861
18.373762410541534,61.60273851725252,17.939853323794434,998.5150279471519,2.231903518878148,11.058387401093826
30.70598668593159,50.6084114491478,12.491762510620816,1037.4374954735142,3.2491680700900254,2.5431005003696088
17.36740843457483,59.416898358934205,22.374412015818017,1004.2732694991192,2.1947266463424024,0.9999886032267572
6.951178993354809,81.33122929556279,18.8615030976737,995.3918005338654,5.736572032898788,2.3227993882343876
8.724575621168373,93.26879458901914,18.36075592361473,1010.0309340652298,5.426982392290495,20.281834166876603
25.48084946661382,88.14865292408284,19.854804745725367,1044.0185950724533,6.2819882640837035,6.970325507263354
27.597225017214818,57.667258673205886,31.45234851863633,985.5247662919096,1.560852265176102,6.099638676882115
15.956833748955914,48.205738500664836,5.952892517392675,997.2303513254099,1.896564010583294,7.258521060655939
31.38592458777374,67.11329370366806,18.789056614491635,1035.4614752476944,0.6690927755226515,3.6460072698813413
8.3847993773104,38.473409516557226,7.5889509601476925,1040.865535153066,5.328450673998246,13.16495802641591
24.339202013526833,69.84751571277172,19.444101170737987,1011.4485316356457,0.20305345577177628,5.926712572661641
12.889838002375434,62.78596120551997,7.650507908111245,994.4142094621004,4.5525664613706,0.993156946381535
18.48163892197841,58.00945247197637,11.661065491159325,1044.4376525271373,10.18942106622196,1.1055046008614782
25.47398671316414,41.07945399099807,12.63928068609675,1036.916635876238,11.074343286358616,6.157792415555032
16.395866347160478,72.70400159854574,22.806533754757673,1023.1842048164335,2.9804450139727146,22.06257425054864
21.154444557701748,57.009487405071326,22.347635551539312,1000.8139647659387,3.0744875189969,2.949426393788765
35.0629280921444,47.451247464345684,5.034260988428924,1012.2645598874294,0.4004632858983886,16.29358057740925
19.231081304768512,21.916066800775262,15.43947288799879,1010.5945987843276,5.554917873811834,11.554628671032635
33.35692112065142,64.58727642424046,9.32336116200662,1017.9627695692336,8.609099000916675,2.278156600816061
13.702931453423819,91.58377395004617,4.931960714597324,1034.76502157197,1.4029037637667099,0.2961401617209744
30.29804177915283,89.91888821821806,13.263863596605036,1026.191255617061,2.7348629693785442,0.859321134256774
39.415686206579004,58.14355615120592,12.532137692353443,996.8393588452286,9.126767516434537,10.430166374035196
0.2835549987271051,55.966819094573296,34.41373189076418,1033.647446750293,10.482754077177301,1.7818464724385963
17.031047445295233,72.03161384112536,18.46367860288557,1017.6969821001974,1.3931490422755517,3.7124386503309172
30.7707212718054,50.02421841217563,3.9790599939661018,1023.3059869378837,3.9988828883301784,5.572410400148195
22.969546139570074,69.52687849729199,10.481807966632463,1034.998112889179,1.0690187086828233,10.341504502603412
28.711458733713087,76.49120417577035,23.171066363435187,996.3262962572967,0.5372510663319602,0.9613680861382187
18.960148132841795,83.40399835826462,31.7075421829594,1012.4626163194031,12.102368874451594,4.171943950779309
25.865897874729,63.49768885280071,2.3121335020963336,1005.0281817296118,8.588109391173631,5.309839675931257
23.443227646079205,61.94489374734551,0.0,989.4821086195182,7.136308951975792,6.2266269834711885
36.67782061659807,51.830261198651584,29.967721402974256,1018.2006496640738,0.24997762539450644,13.645856831142595
27.54420843301213,52.5967946894021,18.11691341896723,1050.6733482737664,9.280811364606516,1.50682837418857
28.37602662075202,61.602816621477096,8.053658144989068,985.3988338324137,2.881659295209507,13.195059495792718
20.881230338775325,70.51048260224267,19.27703268897948,1012.5157908342579,2.0957550967752123,9.444092870356272
20.123937759275066,78.70376939349875,0.0,1022.6081440261216,3.953539425761557,6.49311839887139
20.67441812180379,52.95231573979483,15.027004052777288,1014.8461730248428,0.47899433093989274,9.619202208576706
28.94452142378297,87.39032853439282,17.622569382744683,1011.3030792122639,7.066201815154283,4.248467998589695
20.79015519179737,60.93314598436147,22.394161116302637,993.5117545483126,4.366576211608102,1.1916908107418236
27.89774856896413,64.67949058477346,6.888832381659698,1016.4918011441025,1.0326005530273132,8.767293275586518
45.75400798645439,53.79182481278265,15.685497291226872,1001.6485403447612,1.0427047001080516,5.950006657151377
33.711247034316926,28.636396095905873,7.5966029915233015,980.1511744253216,1.0182284525958716,8.159328709058414
21.73976467832159,78.26068094541574,17.043070045394536,1030.918883307706,0.29345764110159756,3.2999030536010583
37.012139221639444,76.0526584563865,7.837229421095807,1027.3757872976307,4.431214243490142,18.989777293595065
20.919246269784487,60.780086643226795,11.735193286718236,1013.7749146527661,9.17379972422134,7.0816292227025865
4.618754648221461,66.00486075837308,7.0334768416781674,1016.4361203230856,0.08826558707916064,0.7141694721704028
14.919136890825959,72.73908826556149,20.209089934589258,1029.1147701907335,0.2512305037537511,4.779845469653425
6.292080789741444,41.56181214670186,21.867608933253322,1016.3650948516712,4.25216708356428,11.296378881361743
21.484865159586914,57.06420983980558,13.12303544034069,1026.5602633214198,8.560002989082546,12.644260287369928
25.184183791895517,76.9139701943274,15.305903959680228,1008.5377669868923,1.9781102311442498,5.45919402042145
41.76437312275283,46.18565865246126,3.411268682931647,1032.6797560786092,2.1509492969092534,18.011149813586776
28.269273737641626,69.40336898249944,12.602586815945703,1017.8117858889902,4.535992180495252,2.4921753033697476
22.808994711911357,44.65127293064893,14.598363063666042,1015.9107791540881,1.6024927143376468,4.229183986899755
33.294055811834895,71.9964497365029,35.966344728239804,993.9490836693195,0.13484388158165903,18.309213764220406
2.8886469099211496,64.46537776553775,6.104263793806691,1017.3043378145256,6.644440787386447,18.12668687233859
27.35614558108566,40.77302276141736,26.7134179100195,1000.5206762375832,4.912819288731211,9.259583697886129
32.708651938869664,82.47109031685757,22.974870187726463,1003.4257591020726,4.34651093699433,15.670859475583068
10.214137542201584,53.981126348029264,17.24509123592109,1000.7693655752582,6.767860683394994,0.7437082319695755
36.43754043206929,52.84621344478428,29.068963873561067,997.0064760215116,5.623203092174411,16.019546303682986
28.38496407494414,68.00853795846415,17.976843780854903,1044.8715710452543,1.152615996404674,3.0925961910127326
20.847120860991986,82.22956024143073,18.11327356534343,1032.9700859298262,2.173036073534379,1.5713461205136605
31.32781866106285,49.762672715324044,14.575034775859637,1041.805512532164,0.6740046574753866,2.188864212475386
47.70692857804396,65.92519774771958,24.788551059349018,994.6565747066666,0.695488642223212,4.329845782182517
26.818662550584953,71.4322475049586,23.771753870487068,1014.0688062486633,5.638080505933257,2.314181410113636
27.48220586300336,75.39658410894717,9.9945817000303,993.5973856219385,9.780816410573525,3.091980117392952
20.40639100459756,67.64662332915837,4.446022443209861,1002.5645768420441,16.448179480354014,1.1600072061285867
16.501556305352082,59.494582413750166,13.376154900834743,999.2280952487514,4.948974860103847,2.8098243343486655
33.303358165442454,52.5861466902692,8.599691484818829,1031.5937600966233,1.0173255125667338,6.794363371593383
16.439161740911327,66.29215824569562,14.49180340307716,1007.0565548284736,0.5582923389996878,4.665073432656433
25.715662372193925,48.9179148202159,24.899505077473115,1029.0256900054103,8.379250179324124,3.4059804415231416
20.223425532348834,21.17974274758089,11.341586759305681,1022.0618133438278,4.322720857910577,10.977621063829915
29.789798257463918,71.54839706236501,14.657412949507401,1047.554581281572,4.815405385879955,17.917631410578505
28.336621052869482,78.55902261629294,15.464181878467162,990.8083366529041,7.603978863268138,11.310614529186022
35.375399442578995,29.55601346687242,21.787447057642275,1031.888498596802,6.0747850140101125,3.22774525216331
19.89983601145253,49.854039429350934,0.0,1030.1966130560108,8.992659336853519,10.914452367832393
22.301250647066286,74.28731391507796,10.146397641877627,998.3993174295945,0.289278666399649,1.318810189914444
15.212362842176926,95.86243204567548,16.690269538235782,1028.1070000470975,6.8821288164795185,1.11702110159536
20.557067399238882,65.31190561513112,24.60063165141489,1018.0421744453935,9.51410627549352,3.392622482491368
28.773004930448522,54.07995588156298,11.06478041995036,1009.5878561006989,1.685307348132644,13.18968756788133
32.56988616645352,62.256553383427395,0.0,1000.64096769542,5.114472238721316,2.26259907229125
15.778346758223746,85.62314628722277,19.95769156772909,1002.2133582282622,1.885569619133633,0.5227398430784733
33.6960592010566,55.310537313131974,9.917100889394966,1043.7471814367889,15.846985023009577,1.129831867529398
38.55637858804951,53.0121199002462,5.48266672727711,1013.0102422843622,0.16997453414243371,15.657506308483836
29.134349032237008,57.758847167269515,10.005236882294207,1024.731950022972,4.335037301664972,8.036240021094079
43.76795812558066,50.70007087611931,13.523797138753203,1001.1365092749867,0.9106291620431997,2.3356754009791465
17.26210800896427,66.84005473992194,10.162042683694299,1001.3022058066754,6.227798463062179,6.482767951166684
12.55345296688583,89.3701768770434,0.0,1029.2297721387492,0.9672580337277714,5.999088474542295
7.212797510957213,69.84618909674043,22.176529575097057,992.756356826727,1.3419028332078364,8.523802933801331
39.96044311489183,61.21469746810568,25.19900033022978,1006.7717934814209,3.4097585324907627,2.1241042992156394
31.543656563540576,60.62283096626684,20.212175930716047,1013.5104111660835,12.315820702687368,15.98454346540563
24.44415329089545,41.552137869550144,5.898514636601467,1014.6705890276008,1.1894739145394322,2.9611917795549862
27.799686263198204,78.24664665720738,13.388067728419855,1010.3136007247576,0.778826703309313,9.476804090901622
13.745109527016234,63.83244204480797,14.947829478164335,1018.9372967164388,7.114311083631174,0.1300485047687884
49.45751979616826,62.29280129614062,19.79035511649528,1023.3928363372672,3.4719350675156346,3.730096364311033
26.292211819752275,100.0,20.346723909744647,1024.01956318189,12.139897681780024,3.467334968605411
26.093947946048928,69.48129362548529,9.126609609772034,998.2129428699826,0.7927198310638528,6.273059752691171
32.25766623898692,53.72313424857224,15.655964451308483,1008.737673531068,5.19127347282727,0.6041379730286415
29.810092317367133,58.60463605691685,18.65824323692193,1030.921442928154,1.3255546154023112,12.490188265593341
27.238840242791312,82.22668563795132,26.646578577174132,1026.419707813608,0.8525208616449735,1.9649621845582421
17.095255445546883,66.69905615806647,20.636052318597784,992.4071082277841,5.751045226909061,9.041760292410249
29.714683571359956,43.4258303252395,21.31245349900415,1018.272198505283,4.5031281133883185,13.005031184892184
43.82024496475034,78.78843401862805,15.670613023434887,983.3266212593778,7.028965323619332,6.602043889870469
38.454200461549775,54.97783871691509,26.28367316162803,1013.7040235309055,1.851425549203286,10.803811037022525
40.93186626639397,93.09946664326318,18.278102367675977,1041.4665052511896,2.970779434447734,8.67436953123466
19.88784323568815,81.20072098571973,8.111296718611436,998.7816092409652,2.5999346057208177,3.5146135251686594
15.103951797414192,58.29017156511873,26.226959761001524,1000.4851543176262,20.703868727959165,13.237931933895265
23.74213079900352,84.2152454260267,20.58322618031222,1024.460446723593,1.7283144046938888,2.7930718163474406
25.557249122886947,66.01783265791104,11.455647830972142,989.8579772718554,1.7464913668912496,6.774358360261392
35.94191518470949,77.79160512683329,11.164056260806053,1003.5086745517244,2.189023779797281,10.944421702857378
8.075353702851807,72.27099225941713,17.372604361126093,1021.9466170637263,4.157382682724594,3.8108256070186552
40.29550319460614,52.3046501751369,18.705478362140678,1003.4857122846589,1.4539193520438396,2.8850920459246816
23.419921014210107,55.346752515238066,16.57833812504965,1009.4604501918354,12.342604583586724,4.919806239455433
20.7311893005258,80.44941226371742,17.49046938754308,1024.1627856547254,1.5440897817890549,13.628384252158115
14.878956247398325,59.97837001840189,28.599658996611044,1019.3231912530484,11.30797067863334,21.26514393370012
8.451433281342307,58.94527305137005,23.572345217879086,1017.0022759444311,0.5461458554704888,6.301129614432432
33.231705839619146,50.673161309759706,16.525084730120195,1007.9131658109494,5.3437536185955885,8.665050840406536
25.733179671884038,71.35398598390192,22.53048464613987,1018.5509167290344,11.875000411167527,18.686953075133598
12.100391002589461,95.93787378864718,6.739808771779684,1011.1440097985037,0.9241200570057446,0.8299776655780559
12.04921227936384,48.9870062861859,18.183416399574472,1019.8670841488868,17.261447181381307,2.112542927991174
21.642153007098717,65.36329185009137,29.474450797864883,1005.5460196232303,3.0154663210966595,9.872707597650248
41.69021525289393,86.18330833123144,13.25563283686101,1010.2614653843069,14.567546654622102,13.88656332807381
22.40408648636395,63.805379131314275,8.218928571047321,998.1506331117198,5.647729852201779,15.560909317178359
9.968570468818939,71.78557694374601,9.783288891255514,1012.4748858499065,1.7947223716893297,4.290613254672009
22.542569359140558,49.0640970777968,6.282935701260893,1000.8349870455673,1.0431378793646342,0.7486844826946167
22.272764302523296,71.42460645811472,8.721904734978374,996.28930324757,1.8101250518858567,4.606917393885474
-1.9688664294157157,62.192836024931765,12.035935211279767,1016.8799172178308,0.4881601169356458,2.0985538620048314
24.457051334821877,79.78594993519795,3.755463846570864,1016.1910966378649,0.7766533490445192,2.7534150263053996
22.69065469791322,82.81079077347127,15.124946671596824,1024.7431060242286,0.5527611819946485,11.836670672106587
31.962063648134183,100.0,22.218217390293177,1006.5331164563735,2.7490758639589563,0.6282522128885789
43.48956094945345,73.69449759820364,7.737950558824637,1019.1207927025513,7.937853174723499,14.062631834873276
36.26565029547757,69.8869447487325,27.154271389134152,1021.2619635841049,0.7621648459481406,4.464303468758781
22.311113094451695,67.91576452366004,19.086336708220756,1019.671607117474,0.6981522458447776,7.251989270732784
13.934740912583298,59.702505607839676,23.24464468499246,1000.6151947579679,5.156108794468862,0.7514287119986213
50.0,70.07725765192536,9.737323569182903,1015.2404522340678,1.0981423196946427,3.292176254625528
25.592184340144883,60.56897884791456,21.836201816532927,1018.4621044408199,0.5135426104560245,0.7518565843600084
25.139292919129463,67.52691464404421,6.264528796837496,1013.1076770036191,0.9126993723510874,26.065866738300862
24.758749128899968,84.7639630341194,22.12198000669207,981.7028351244337,12.867469523768364,13.171373646843133
26.980847607678548,49.90186152080538,16.37471471834825,1015.4073443596022,8.615028209282702,4.924050288411421
23.556395880760576,82.09817841693568,19.42600975987827,1046.1879655909586,2.185278609600971,2.0247256793844293
19.263379931197637,84.75672601009798,5.595243155001187,1007.5994109686453,5.33296366042089,21.67902760063307
19.531410587596078,63.22897209513382,7.8394412617871625,1002.0788435321701,3.8531190485584825,3.380034788316288
24.672467297840015,33.17217651487108,19.777825746027077,1018.600228395671,5.652438732231034,1.404208135130786
19.565752288662352,55.882670193583515,7.413215966206394,1017.6856731569985,5.739083344354255,6.625586636879478
17.871542173228356,84.45491819841664,18.705650336792985,1030.8910274812463,4.9541826635734845,23.02702508793049
26.06430227691897,64.65697906551677,4.062897548318034,994.1319776613667,1.5469218208957862,0.03070115878811369
22.450227825791448,50.01046651557634,21.785393701333344,1023.9707037886249,0.1989377568452158,2.175780584075672
40.039929885826886,57.42837618157674,5.139813481851927,1021.856330918772,3.0400499620703285,22.302936727549092
-1.5096980839301182,77.60930039756829,19.418399501436184,1010.8678019458918,11.080839177282746,1.501110629518561
35.91506851922462,73.20100352302069,20.005047469168005,1018.0803097688254,4.214007935006194,0.9614784054487725
37.46085192497629,61.416018512454585,9.425825452563402,1028.4418622239752,8.930608209483182,6.75524440546633
4.266097675918505,59.49763382277969,19.656212536677813,1026.0847307004267,23.912128759787826,15.834964147816288
21.573124059196513,59.12362776434267,17.08353810666845,995.854710318894,0.8933384264307671,5.187070507484654
21.285591340042085,51.163847232522464,10.689265150458095,1025.3023728013322,5.884669028259934,41.71807202546819
10.924883052821787,89.23063534204162,6.931562527390335,1012.0296709245122,5.608794180804345,9.09479350786411
17.221833124091248,60.1651929618299,0.0,1014.0931114702328,19.548989254179048,0.6156955273905336
13.894241545341712,83.25737781238244,17.797200378397548,1014.0979548650254,21.20289021321806,39.50517579431639
42.52270443423623,87.81974077883677,2.481577829103559,1010.7463551680261,5.802629078183482,4.19256004773885
34.35678393147461,79.9746634722194,15.762753595530466,1030.875612456606,1.39602249078049,2.7107086527362276
37.71555094994159,58.52569530922928,12.892414271342007,1011.7442306022618,8.011215241543878,6.529376751468581
32.21672064043235,71.05595135504915,20.433142203505565,996.2068080742524,0.5660066186709765,2.902781268834733
13.709482287827708,64.63706590413626,12.583636004081086,1007.097052160454,7.586557253056694,0.7234031014674647
19.754797337202262,51.44447208904808,12.364417709223268,1015.6804207521571,12.050635718165953,0.011434913068365974
29.89374561227918,69.86538922582405,20.854965634306364,1031.4382217644556,2.413081334201814,4.776637979194813
12.778721911080545,47.31440313260296,17.68046423267294,1022.0464202742326,4.979853812843907,14.505340228541087
32.12998430172388,82.81519082692346,17.529247657462225,1000.2419708187944,2.8118467834903518,6.794950157684974
22.59674601841865,58.03074054052411,18.75414071846821,1050.2778487501835,2.87917732412566,57.120515082086015
21.251791924504026,68.01739483809259,2.7154230143431537,1016.9716296646696,1.858006731766436,2.704470387609337
32.10959968203491,69.24931807319213,21.054309439895857,1032.1308610699853,7.180146887064508,2.6330904094314813
29.4426331148604,61.11642539443884,19.899750352108818,1010.7242834963415,13.758174116340875,1.392441359917418
21.3903383418092,73.80040702212912,6.866534971388022,1021.0003886705817,14.130020004597473,1.433621850469432
36.59329803364248,57.876445150662136,13.04735621060639,1025.592027567776,0.960534092700986,2.6858699503059995
14.189366724001026,78.06945946185866,14.68554169897895,1031.2729206763138,10.386964194788252,12.594112447761912
31.159356069442637,44.81030479629877,13.924025724786139,1028.8605245806734,6.686215277675606,18.895012035542123
30.931012579683838,66.89569369319618,17.67087973254828,1026.0829550010947,1.457362238886478,29.538978683480213
21.904535606860097,94.08393498587427,26.450934254649468,1008.2736990320884,0.3482758801762422,2.1147421659700725
28.26133022242118,49.995030130916376,23.65413382138263,1004.4238093706591,1.5598551563164251,17.049082402889407
12.48886423614697,54.83382544212723,4.50224645254875,1017.989112654863,12.16393797871606,3.183012861304909
34.24027019206901,72.70861774488372,19.976559922448388,1026.9969210851161,5.014402010278992,0.9578443472048346
23.15097863557011,67.69372672909397,25.63146655628328,1009.6591894883509,6.383697167758628,16.323300653444164
19.772769794809605,70.25945148910338,18.09446816551362,1028.9775794857158,1.4863215194438417,8.087133268223369
35.49009225836889,72.33780695221495,23.727843401487736,1034.7892511822927,6.353914505692121,1.440010607279444
17.95656309457241,74.52082202842655,31.09816356560612,999.2551862138987,0.14262244397212923,4.494583380109604
10.915387036364404,81.64549762934334,23.18967636885585,1000.4461894430558,2.352589573523283,2.709082778296102
9.433708264760963,71.14727985392769,16.99446876513383,1010.89437411642,4.927579069577103,10.678563553154644
31.060099513456397,61.38113518072186,23.360707792678028,1017.614190022838,0.7896858299565791,4.83254159773261
12.19570647503717,75.08860551804096,16.15910266477513,1005.1314947934942,8.658128706138362,36.28511202143637
42.54794181984364,93.49822902342824,15.191224346279643,1033.2830401830072,1.3396017973610632,0.4504042228104774
4.1807059211627795,63.010493804261394,12.188686114290139,1019.3610029227767,5.281804605527639,3.508229047158045
41.96456368290038,50.38206042994038,27.507306870656866,1013.5917057236111,2.597626301992397,5.260698621642506
27.110174672026183,81.60621003930459,8.452570672463988,991.461357141972,4.532241582208916,5.5954720866023475
24.032868881296075,63.19428254069603,27.258941797424928,993.2627627535874,0.5683668182306739,3.0376283107157858
19.550809131910505,32.409956809789456,18.99891298992297,1017.215138754227,0.08528727326465901,10.452187034689008
28.99136114352071,77.71132515725633,3.805550601584468,981.0110656076774,12.015587932777432,16.619361391461133
24.623652975751515,56.97007721069116,17.94119434393137,1028.1895611446612,1.571020179665576,22.338322903312047
36.03301882016521,63.64200076543759,0.0,1010.6276923344152,8.565028035793866,13.081877523907428
26.142276486620396,69.97970495853522,20.004064134648285,1061.646394543921,36.695002834376666,15.207963735348411
26.503017614618777,67.857495196686,22.08185186391193,1047.6187437592416,1.18767847827395,6.397761681370774
21.36387787786144,75.6417772570856,10.261152354783572,1010.2782639612873,1.540585538425381,13.984462473167344
24.430543762789327,58.46770444145235,15.988381567644659,1011.4049449620303,5.436281873638286,2.8935447867032087
28.078017688920593,72.69658697264124,30.63325947000229,1027.9337227100305,16.82654105015206,4.066347487812931
7.898316073433744,61.106799836241244,10.954026365904507,1038.5475891487706,12.373653891602308,3.049064548348575
11.51814577894287,76.08215721331254,6.528739303547196,988.4295641384598,3.494574108006709,5.0396866172329595
32.43264094022715,74.23051226019581,26.85330721970079,986.2043680196797,7.926417040715163,2.6902697370097646
26.70865438127942,50.96841946933107,30.70069752424636,1003.6694779166843,0.729442009637046,26.07996671334527
23.160166636473207,81.28973174262549,15.029565374782779,1021.741063747608,18.95748184090207,3.001558817775456
25.18433933065393,56.96054832328928,23.09170428326685,1020.453103857614,16.670484262668804,0.8255210976138152
28.47581705361671,77.12086697421718,25.73180732424705,1029.0465718247578,0.8940125268997047,5.986187392466746
19.602403196906387,70.50930970102011,9.060126139692928,995.0045370745204,1.7792558795233624,0.47035255319021996
17.216952745976872,92.57275515192684,11.117553317057054,978.2578420554669,0.5276637497063112,0.9371544142996241
26.958452550976816,61.64801026442222,24.846996105237878,1025.8702129295323,1.5853319620153947,1.9814306495177
15.21627222384968,59.760248058227035,28.480114229668075,1000.5770559055214,8.462896376585956,4.994198262210588
29.08252755714472,64.708705911684,19.503046881394837,982.7226820341705,2.376613610177816,4.542709076841314
7.974163957621595,60.452303257485866,7.961485171983566,1015.1759561893907,0.46275327329987703,12.86318726474577
35.29155637325644,76.99912852913076,30.89648889359553,1024.8976353232802,2.0944657461582463,10.760440996577545
29.725974824130432,40.75534087345118,10.752232817504284,1011.1691430181809,19.918490454528396,4.445444444901893
27.560297343138757,49.194763712804686,12.318897750628386,1006.1322742072626,4.9669874541322825,3.248172594161514
34.82690983945514,48.9829561763121,17.738702675916972,1010.6095665178113,2.6906496364895647,3.043863625111899
41.65474444462576,79.25461387960364,27.433283365718193,1007.4412585639883,0.9108389240709778,11.897588338471856
35.1437006501813,90.65920058872888,21.83180781241779,992.7792933208975,21.40703371231012,0.4278172601167282
6.591257686683548,63.433261721937924,18.318924002895283,1002.2797898451436,8.597631525189314,0.10323645031098252
12.204230332642984,62.46767415214984,18.70630824094485,1020.8191985752072,1.652789918877025,12.69923521999596
18.751814223043212,66.05078244669772,15.348117349147728,1017.8251781206475,0.36322280964980125,5.187629853587088
25.260910502108338,82.42817453912286,19.46511611614805,1015.5208970895023,0.2914599960539219,1.1222030680008745
30.17659020469123,51.089702987141386,0.0,998.0727727721993,0.6413158960559024,2.14895602171454
17.742561868465344,68.57553474102178,12.627140327441612,1010.277452567965,4.3466610255777685,21.565489977794257
26.867667644770783,79.62796444673644,16.930575479334248,980.3440243033572,13.208744226866017,15.700551754060061
17.446170676466775,72.51641254909768,5.791887331043943,1015.6771499582809,3.4332757772182476,9.897067395479866
18.884821970080516,67.84372424898115,18.09058654249248,1034.4328656172036,9.25581144203833,5.265719511039245
10.933389031517777,80.01569138850712,13.364230232111028,990.8880180193684,2.951929779407672,5.877148989612815
15.767667538890958,24.451515605011444,29.04380558652392,1004.2110849002337,6.165009603393448,29.589672141853505
11.483153943836664,75.16812979296361,27.584157801718852,1017.936601680652,6.5814677515537925,26.997326353773392
15.241267470226672,55.188864753088644,11.273555447054697,1031.7926395164122,0.9555828342106922,1.9393148274512966
35.536417966078396,37.54050654715314,13.793298307466438,1006.2766307554978,2.2409450112157185,13.332493423219724
15.50601111168057,72.66803899287471,14.40841947513286,1002.6162450610116,5.070925892504658,1.7576224813410155
50.0,85.60487817744436,11.386724190723019,983.4661528637588,0.3666000728235618,1.9216816727418204
29.933179008808892,62.93827228058462,16.560199872225013,1014.5515719396216,2.2434827319387614,9.018391575250925
26.84836123694874,79.29311820804408,8.933743448899278,1043.6311406021562,3.8264335552468083,4.153565758430715
16.416422198187867,89.18417386982968,5.9550773204997896,1017.1603769294701,27.896103062433365,21.452560182919232
32.003098794089915,84.72371680376071,19.98168979120215,1012.6658153122443,3.2173447934139032,0.7457845417951904
19.243621737622263,89.59946794057089,20.036236673774486,1017.8312346615048,8.465640157676816,5.7317463819177545
26.220098146453616,76.13191236607838,8.565473922720061,1012.833619940771,2.8287616345110407,20.059331766819835
50.0,66.13150458352389,22.162843446100798,1000.8047844160981,7.957762143215298,18.756734018246135
24.0394010027535,40.97051282154247,9.94737816667735,1025.3491987351656,4.5244646912975925,1.3618400893217075
36.49273326285676,61.30906267805077,17.02532190430385,1016.3864228466763,10.88396845052435,3.6537013348143987
17.968235748741126,52.35130107025712,21.562752100899647,1013.2641987790049,2.646157829381812,7.722196719388906
24.650115095030383,97.5641407624672,14.731099482370295,998.3695095908263,4.635550501401643,1.389066169746884
42.7080063563551,62.36171281351495,18.637927297129075,1032.5526189790214,4.971513813887149,27.541699942092432
18.730329422122324,66.84807210176729,10.868562848899426,1022.9705411799966,2.701125777246215,19.69727430949736
43.12448557996929,73.27228064060701,13.428267332575222,1004.7061874394905,0.7792475315912574,1.4612946361721306
32.07751935455475,65.65403669558681,13.353124552957278,1028.027372805229,0.4911489265562232,1.0331780675330202
19.375332241057322,90.4257656064613,9.027373227678089,1005.5364374242218,0.08406042520103338,0.7142219414759462
31.32407739055521,55.66025957398322,13.585806695073742,1001.2699476123345,10.338919355516333,19.214265000913887
34.7255444962673,67.91911182855864,2.6110536090900265,1001.6044532377957,1.349046479874378,1.7216392650957804
31.218099622171962,53.86294121452927,11.070770022863162,986.4339717036786,1.1881571613140782,4.306738452437527
9.297752801095436,45.19966233168941,12.720996053042633,1020.0731357062731,6.659701386750012,4.7660060191889775
17.728628241751316,55.82346363642072,12.950561980036959,985.5328268249248,1.928430884047426,7.310571149876532
22.52481364448495,64.44444804427383,13.06802043303377,994.5733425310135,3.5265511817810955,0.5955071754200789
24.255665708999537,58.5604666322411,14.50588640111897,981.866179863822,0.8867361383283445,2.0573120949622705
31.20672097550678,54.61368530189216,18.83553214468851,1011.7089546081367,16.062694908427012,21.44624965288225
26.77701000933254,43.90523804492249,21.99613659306018,1010.7451930959219,9.53859309645895,19.1234748380003
11.646556412898988,63.75341641056958,9.801878185213862,1008.0995568022046,9.967773492423738,12.160092701777705
28.801978510059634,42.42919438953497,5.374393156886844,997.3613345799414,2.6108970788653374,0.15673536021676246
31.10585745283823,76.40083945534404,6.663644702055176,995.4164936984504,7.1850173142149485,3.1681600527098346
30.597904479310397,66.23659629401755,11.102376630440583,1019.9655479531987,0.7767011751116064,7.910004034906558
35.807807255546216,43.13672750802604,12.184629457467928,1004.7417210243727,0.04328180505526969,2.5747681569360874
33.33922154548904,60.36186384425205,8.840031470420342,1017.7453748230422,0.1008754394030048,19.226910750440457
29.591800792284367,53.71765391614125,4.631066686000844,999.7212697081367,4.416719172317864,8.038559794619422
24.29834288541353,69.78761765628771,11.351033380206495,1015.7159411415662,3.0384717187561963,0.5969842489168481
8.390390664840087,85.10675669034717,16.45141296091177,1032.549170559741,3.649215048235608,19.175657521026157
29.296182191325858,36.872412955313834,19.760235726684517,1021.7924870058918,0.03745564495861902,25.316362234292892
27.07687687163111,66.72539118721126,10.54061557513343,1006.8137927267528,2.7468501986632408,0.6471855473720944
27.715788371953735,62.59800806650039,11.696017422852528,1016.8579845553389,6.330449718228755,6.080456096563117
12.232514241796906,75.07010114675698,7.586413529221514,1009.3900223820468,2.923201417484717,2.8919411832723365
14.189434595917376,68.19794942356533,14.748486637001788,1013.1182027704209,6.5879328358132,3.9916912814250214
35.53152853332904,53.72046002391771,8.212570926473482,1008.1158342177724,1.3264660167008058,1.5842054816002913
24.60444846143345,60.214190965000725,19.5850225059296,1010.5349719117191,8.387031664297618,6.903366699146473
31.815006973726245,53.05961214794766,0.7130680645271106,1016.1814002961127,4.438895889677394,25.356753537416655
25.283183761304613,81.14010707897897,12.122962620380301,998.0996195062708,1.1834437449777988,5.594490724488343
25.29756139495745,65.31967473007913,17.408858713533938,997.7618175951503,1.3506548298580014,0.6924372880266055
34.382838059759976,93.5178602862951,16.470676130580035,992.1718616925318,4.944716610333097,7.740700283351499
19.839552717826262,64.0900877927807,36.544269311843976,988.9959334324443,8.858007855018075,3.3268269714673226
25.961207769409835,54.37389849634306,17.79840019654326,994.7407596166928,2.6860856982106007,15.499380780649059
20.377247112949576,42.294284110807595,6.967563225263918,1015.391937602062,1.4940550440639475,4.562880488213581
20.655037725676845,37.95290485616083,14.236286023287416,999.6081872676217,10.08746712286573,1.713863045588225
21.908278765313607,41.23796085491765,0.7900293322683858,1020.7042169634665,5.5322389068689315,1.6966954401285612
27.22133771633713,69.00689976517225,14.355202005625912,1013.5207062312884,2.9718105648240645,11.714537812058605
20.212513783365225,72.63087534844901,8.33555154399393,983.4724367984292,3.3461787092205646,2.46947642385643
37.55756125573521,41.282139469518,22.323122204481294,1022.8246337633253,1.1423917047700014,11.66175215292242
16.053926977804963,78.42557471114173,10.60367780323572,1025.1619796838756,4.92823928683616,1.8442392145511255
23.13128355838641,57.75408422474841,14.065872673638028,998.0920598774773,2.2216210155004066,3.1051641197109916
20.60268941725825,67.20189517978324,9.915537268764773,1019.3028731434249,27.182356188317215,5.011193403641771
39.46977884353733,89.18330942383136,28.91081081482665,1000.152526438862,3.2713972183031093,22.945167097177187
26.965547765115748,78.45258973798298,12.430057871056707,1014.465055651225,3.326547411187799,21.474445737344453
35.31844539468635,60.97204028141252,29.660456347833616,994.0325238956755,4.171846497593944,1.8541640075468586
10.144396269630281,51.63211661877069,21.513214096946133,986.1034032119813,12.429896311280482,3.5480657539691616
27.670502658692588,32.72276898006042,18.85653381868309,1007.2577421558054,8.067684003548298,1.2945006176336988
33.89630795623437,54.212700211363696,17.949865178540158,1011.1440658058774,2.9994689342521834,5.7065555036836
25.822839892754242,61.83304641758458,18.15037838573001,1007.0348045957809,6.341654770395612,4.938124154619897
35.654803750653514,50.19230709273224,0.0,995.2395416266617,4.412291523205101,18.481726056864055
19.827115498996278,63.031145493615426,12.768932846793948,1007.001514068033,3.389983146863323,21.27469492376613
39.0934744018558,66.15277824438152,21.761263769474574,1017.039421288711,1.0679205237388774,3.870450196889118
47.9889812361925,61.627160272878825,14.608822532207157,1012.326604548162,3.117511067579936,5.414064833719574
21.37161439560341,55.249961287648105,3.7584812255713995,1015.7375154589882,1.4106116957404362,18.12510872242589
20.54497478599228,67.52982007950092,14.580764395380244,1002.9482719931865,12.316243420641001,13.148418283487889
39.53384477117701,71.62910974354114,28.632844130043928,1030.5757687207424,2.0429008756999796,0.02930409591243883
40.795721457307124,48.64401383835731,24.975133724277754,995.3573999516783,15.21034876607742,3.086000632289747
19.771399728467316,86.16398569619405,14.503967925071747,1020.3134044563008,3.8077221126473875,4.382327213460675
20.798131829041427,63.521178015736076,22.61159421646469,1030.7283663943995,4.992175026026282,2.087970954008691
22.182153911394927,65.28274434417271,12.067943837055585,1020.2136213912335,3.9147078908727058,1.7808657160196606
11.55549488965723,75.62321634884836,1.3690273053862487,1009.9621365940276,0.69275193058819,0.30813478227316987
15.813480535158018,68.49824196895253,7.604272094963565,1005.0755443000553,2.35659221824097,8.248445426447013
14.958592332479322,79.29704950869868,27.50311014806558,1028.5413147656939,0.5220610065703521,2.4360251525041736
17.322024348958713,69.30686247802737,12.808055345365567,991.6553761210749,4.876941001226755,0.43013652621374554
24.653151126132187,55.81343938039343,13.052928164999855,998.4481360943054,2.960849041080727,2.1010992436286147
27.342147325365207,70.42255287809152,12.601294429800955,1007.0366335176242,7.525051018873462,12.952430088441014
40.50500492814077,47.844106890190076,30.233092716584054,1031.56480636268,1.2453236102681322,15.256779780222978
15.01645959261209,66.62839558664784,28.007671322896506,1018.6965145406134,0.8990199930991672,5.2787243721577966
34.843223984765835,64.5015501403331,32.750241867585075,998.4793136223464,2.607177137396339,4.30380251560085
22.86011155774491,61.8782471409119,13.72763831679959,1008.3453844192264,13.058161122364977,30.48067636729076
24.50536290347567,63.07193732841604,17.36499590997676,1003.7851528385556,6.1966497469470525,1.790797000085378
31.748194921666038,36.77226431753542,2.866859604633671,1002.3531651164969,2.7143653801211847,1.9402348090772727
13.772779784377015,56.76912638388558,26.815475408946195,1027.6833433783518,3.641511413053084,2.7609887986218995
28.824097461840505,66.39267351711672,5.65776358985652,992.4238530610475,0.43985743151970524,1.5172574298913932
26.66452208213056,67.39784587996101,16.734204510101033,1037.1317128360156,20.859119113914257,3.816104763053858
29.924512640081492,49.58487288611063,6.221579778937247,1025.4234453527692,5.489172526523908,19.33806418943524
27.891686439078182,83.98561761297051,10.289065386090432,1029.3629250590554,1.680190133763775,7.643326681859933
49.55300139910894,52.007377276782485,8.301900551602397,1006.0559073196212,4.407132981589317,4.247499451954903
18.62260015748684,79.54185800790106,10.136997914593458,1010.7508892138134,0.5797618708386768,21.794753183701026
19.690030449981823,71.40791542807527,10.687018374808172,991.5027227821294,16.88301198736937,0.3974240182454922
18.768594735752355,55.30659035234295,10.613849640599383,1005.130063893998,0.9605565292785413,1.8885758953882719
19.445228808397452,91.62966338914268,21.666671294242455,1020.4048227146473,5.221051189660951,6.675632860347732
18.626128726934823,47.095447523652794,6.161097655499839,1032.440945926721,1.4081982405382991,7.647586886107864
36.89016531107552,78.78731260415002,16.764331416110934,996.3926477479632,6.32147017858399,0.3228893604177407
39.20504247989855,80.00873477064468,24.743673218444467,1007.5174109452211,7.4989139221039345,4.12722471051581
19.29253706250524,54.94069686385033,10.894429083892831,1010.7305116965122,5.5953975361256525,8.379262383931835
16.676444268957713,85.88697950096493,9.256648874019184,992.0631619671127,4.766063429317505,9.580495090061103
29.71415556386404,61.24930228101571,13.155802998557993,1021.870238626376,11.149884873066316,8.131980903159702
19.477769557190285,69.33040443919785,24.437801666885683,1002.1401450238609,0.4094500823524139,3.091928761096316
31.32931817755511,68.90482758156831,16.552861047626863,1010.0691447323446,2.0092191077925956,0.785491586073047
27.029230208513,62.98536887794178,10.750285643139211,1006.2207594213219,1.4270065743282434,4.456526584758499
9.84255885002768,77.16212409739673,18.87101320950432,1001.1599224142049,22.12006406021946,1.1026512802059636
40.47505201330061,76.9023308082832,6.1816628013086135,1012.8943252177917,2.4664823032037795,23.59440230477828
42.95877673095522,38.772020401427284,20.450876083543584,1009.7658563214796,6.595285534958935,5.157460227636302
18.872113095156138,84.56510364317229,18.26885846161414,1007.42213176582,5.771552624718473,3.0531196486209593
21.12298440064016,40.062620179464886,12.537532230888928,1002.0730756747948,1.1918014384206752,11.62987566293413
27.85865390724905,80.48819306512486,8.291313612422151,1017.7928700617443,1.3655943639142603,5.512422074550801
28.34456789987025,81.90057705241375,7.906552621732342,1037.8042590273842,1.6514488822423736,2.968903942156713
31.585442726728303,48.63550354677203,19.27853869076728,1015.098308492587,2.64772605401502,13.369133982745772
45.102045387663495,58.83778568068123,24.831844019912495,1027.941773223667,1.3349878350048963,16.14840638487131
23.230527725059506,48.41442997271096,9.901538023769643,992.1466711226981,0.09923570344335414,8.942560654052734
17.017027554615463,61.77618454566897,18.667093628411873,1015.3664215894065,10.576092121333105,0.38482435054999176
11.206807719854728,60.379485737213884,0.0,996.539475215434,16.849922757030818,6.683639882218226
17.69069960058081,76.6949079840401,10.323058154742403,990.8461260870215,2.0894882673058452,11.527522136941887
24.668730271262028,84.65463119179412,14.751528537032785,1001.9094288881145,2.0662784760868442,1.1741189570238957
42.94557863517788,85.93525716184934,7.722532664145331,1030.8784900162036,0.03558539602992268,2.077119644553317
19.823887009638284,56.567479601325466,7.507949001683232,1027.2502374300448,5.701089956198645,17.130202298168413
27.237879516388986,61.86167189383208,9.65776354824891,1016.6450708308159,8.72743079836921,0.16261536803395643
24.83577103927248,39.74842711668575,17.337541826610984,990.009491601651,0.7926831725002745,11.17810277547119
36.88393273448084,52.911949002557165,13.501367852749002,1010.055790229181,0.8697813143735782,5.1361852502013905
50.0,79.47277449646187,0.0,1017.5255001335261,7.805221276493058,4.735882823845663
19.691312270796793,89.23374235322348,0.0,1015.633043443679,4.789350851774627,0.05697466118592566
20.10560557481778,46.48476692180117,10.145078577142597,985.3430962477888,0.22948968102495335,13.691686741874717
35.44160877069072,56.11303611270659,18.661492688428417,999.6452322797019,4.871545980434359,3.56810837834182
31.818914896263113,64.60391364561609,0.0,1012.0388335377693,1.8474819630602881,6.2255567363897955
43.46707325736034,69.2024173822941,11.002158590786955,1021.0443636427578,2.3000697074855663,9.048274454240728
30.83928185325964,52.85594720117531,10.790017147860631,980.0580826835009,7.342544524046479,9.702213599425447
21.407079092129404,71.36091566696135,26.106702225667583,1010.5681403678021,8.328327133928745,24.984900313867772
30.906548306923092,57.89240979393626,11.91982550629709,1015.1457315481842,2.557100892725221,6.06302096280658
36.087035805829075,64.78321593682581,18.063911877927428,1025.7441798277432,14.70176560891229,4.082866543422025
33.204821811973645,73.19426372005549,16.130057120699707,1023.3928637635615,2.60827624819199,24.58153317529921
30.072740311072977,65.09633404716406,0.0,1021.7385697821321,7.388453823800264,8.220242072511581
35.666746895891535,58.45421164210147,21.1456577330539,1001.000892399471,3.3070534120651933,2.83228864501487
36.692955904456724,63.35585294111254,16.723172043650305,984.3799679431504,11.39103955424943,1.0816497414376682
38.82158991037527,63.67455561191997,19.066149117396716,1007.104208644079,11.916874429382611,14.789407373209912
31.48709887589643,59.449834551768085,46.409901651490614,1028.0244773781285,0.4573801411241316,3.5976134402726836
23.328819196831457,61.11805905999346,0.0,1033.9018179128664,13.783051799304848,8.64153719995111
26.467136864333227,88.97970755757075,28.79757319808887,1023.6582365344668,8.73015111074391,5.091358991929533
37.06508966508357,73.41379171911858,12.700419844797155,1019.440112342026,7.834544022810766,1.7744533606566324
16.83064329012764,60.56779522956259,17.298631235224075,1018.6945947257894,1.1214168763685142,7.364129344161542
28.686733088729014,75.45431606766104,14.635902037590062,1004.6582187985883,8.176836171509489,0.5008186957321683
21.066611876726395,59.99270765365985,11.606109332815652,1011.0490955966957,9.490026372696992,4.26651229070142
25.287448229348175,82.59686956379961,10.44133657408993,1038.036042887395,1.7064715619972592,6.3281079339712045
37.78451862607299,70.54463288297141,17.636069884584074,998.8616299131219,15.209936497561712,4.582274547175673
26.910990680199035,63.39046783993657,2.862610426626567,1037.2216818606478,0.2557304545292274,11.047976938613935
25.464365481561487,71.71575388715416,21.004633340174124,1008.1695776826191,0.8120608715529732,14.078596692331914
11.401438590200808,41.43685771897251,11.670444760917968,1032.881481636426,3.856420855224157,11.80076238267417
32.46253566027221,48.09848796635292,5.959445287677138,991.8977748575369,4.287662442969723,0.31668996541143146
31.454841811410752,47.091124904014166,11.399897136033491,1021.7885630174698,5.180301743803973,1.7266505124845823
46.6325472330546,67.1441464214556,25.057193734900583,1001.9484479607856,0.08557377382997189,6.153446974621303
21.922217650469992,90.98772499227638,10.717319303870216,991.7709921211372,16.140437439062417,21.84507128652589
27.191503276639388,98.46950219288948,17.867628945676962,1016.2780106361641,0.2280635749144228,14.412382960067465
27.49383683710755,74.57076652161136,9.152349794276214,1028.1420768289395,0.7719482661154764,14.788391562950897
40.77453279763475,72.51266712416685,21.063374799388956,1000.3258784210975,0.07056824072577171,2.89014890111965
24.04704467613048,37.984133987708915,20.484061910321632,990.514760593124,4.183453302603049,4.489206282632679
27.79021525770339,56.859893003989676,29.78887066637129,1011.6223285349756,13.460900297228664,5.089689090979195
31.078965097165394,53.183243721376414,13.595488436006276,1011.6884700683423,5.482280565637971,1.3698336403786104
26.86609123156358,55.68728602623326,20.349238438063253,1021.2247944133175,8.648361050912513,0.25248783530419433
20.535663854494718,62.47784272122816,15.784540316311556,1027.2439185704673,0.06685093697652343,23.48506364801037
26.940899928983075,57.91864133454309,25.366974254904115,1012.1087722809126,3.904597491099998,2.202999186005225
35.73631749859772,35.310502844363185,9.249340899130157,1040.832549721914,3.0768858290776064,2.1949569281530854
14.734847005889398,76.218653841763,20.96004250301825,1016.3635211680294,3.455425981764517,0.6964900405773393
26.32969674146876,48.9088546139029,13.442421631066546,1007.8036024098965,0.37476649081804897,21.105330031632185
17.998791850608267,68.58870296166724,14.486494583132018,988.8264896134576,5.766958701168255,6.934998773591059
36.950466289248425,96.1112400462496,15.734019875586982,1009.0601071952575,3.498044209589067,8.797787817484192
9.768130952162252,51.20923112620365,17.01792317141342,1007.954195818833,7.2440168459389,19.404975097695765
19.410781527284115,27.045687158805052,14.070167655024335,1027.404571944222,3.3207643780046463,3.39253851692781
28.77211875064521,60.70993667179834,16.71770546536421,1019.9372543610028,0.8089585359779549,7.772468179007664
40.65524029234341,81.51439452497857,27.624944460497474,995.3094631755107,5.224271765635617,0.3165776627067515
24.34249738927012,94.37521181330891,22.883597484921747,1015.5838157961656,0.9460442719912356,1.653955323963738
19.448004733068018,46.55675608321375,21.95323673997517,1023.0729675759358,10.294061510209552,14.234496726497634
43.8115706944059,72.45048834854782,11.355683791809035,1035.9204703908174,4.748154952106526,11.645785123835656
10.51986099583756,58.0203431482992,7.886073374173406,1026.3125595112108,0.8551510249253341,3.454177290577022
3.0119404337991824,63.410774685437964,22.642404465902022,1024.4126998146721,16.395525883293413,3.7832387049918763
29.400144500533322,100.0,22.008374340238355,1013.9012899192275,3.652848376075648,6.100911604042216
19.979457756473888,42.4554450740727,26.781365406007858,1018.8246800813517,0.37846087254683,0.00192826985144507
14.787671828692869,68.8060949224186,10.168154992246164,1031.7425735105924,4.928644911053797,2.208603774216157
32.08356447299353,72.01539757648149,13.163610757117223,993.0083390378053,1.4597820187743074,1.8678929411658525
27.43800713771199,81.2867948740902,1.8841266997965267,1007.7584100917456,8.140389102622787,2.3066096709022994
19.359213692632714,66.46974730206342,11.860231151513016,1001.4114687686564,8.513857258470942,13.115295119169387
12.196956013291055,69.62075809256153,22.97256408463558,1018.6872967808919,19.30364557068606,2.6244095401306047
33.724573282801444,59.125271488673135,11.268036966174417,1031.4533326347619,3.4844662518761247,1.7008077813530456
31.50201177958661,69.0369041186766,20.12383836160659,1004.0453856991838,3.034451838415383,5.6136853146573475
24.00824136220617,59.85211586753884,13.47597515201751,977.1454344879585,7.0014716334500795,16.058159992863956
43.466369960476655,74.32357834784077,17.592456225772484,1006.8166888246329,0.710529710953729,2.2097148050401847
14.299152336738475,59.45584495934549,5.8184688814746615,1026.7021059802612,3.9583833356041542,0.6543346628828869
9.74474829075261,70.6565059085328,15.681675597071209,1021.0644485442482,3.951018022246207,3.5254817781218226
18.080919301187556,64.56105779472533,0.0,1019.4227937171587,0.4686593054813526,11.01556397213713
24.544139836445023,81.89075376158252,13.504830734704122,1008.8001004718828,2.706287435673569,6.400347348817458
27.433394493226917,64.22909414617271,1.956214050278879,993.8145389567032,9.596309883097614,13.577125080938153
22.587639421436702,38.40451297689678,24.647956132374528,1020.729414824367,9.695046841351823,25.669849174348855
28.520553965142966,83.92882251070988,21.21925882211609,1000.4857728494807,0.5225691760738074,12.58725813217417
12.48460575809556,51.414015487060716,18.73336785572865,1045.7614510007068,0.47551586127240086,7.406751325449037
39.437646040732595,55.1935049202677,27.16804981727504,1021.5576081253178,1.5237713973150593,5.4393459692103185
24.178488216074314,56.065080589347616,7.408667833401302,1004.2902754616907,10.387858955925902,0.3271516964477377
36.172958315881274,85.61657139756227,28.978905583324465,1003.8292212891706,0.6900073287920482,33.24396377519064
28.427253463777042,32.96488679031957,22.457532514083077,1011.6058369007961,6.36477128345197,3.8693306922423814
29.56753219153784,100.0,13.107557702248432,1009.4074711696737,0.5332824398536797,1.3211503967564302
30.69767280232204,80.84085213599077,24.084961177463555,1029.7525066329492,4.879379091062655,8.789910902941248
29.477085600173147,68.3485837119374,6.149651900706926,1015.7962425461607,2.200805300381365,2.6758226520286157
31.42722759867544,64.1765899907557,8.40388670777861,1002.0255239163721,7.777447350806756,7.050830968528041
38.29152530132431,69.28331112286486,10.131282214082397,1041.3566102773368,1.3308453853426472,7.069967019097164
26.965211697014702,72.81683642569007,10.768178335487878,1013.7396249728033,5.097182805889043,4.720824185719918
32.09003757588512,74.67823378925085,6.547538857917978,1024.5325951395334,1.343860227323681,14.468899026873451
24.102643057127732,73.33406699005172,24.784664536762598,1003.8766023883286,6.25288175888835,2.462719732505164
39.40117215449473,66.34371021882873,12.929164797041347,1018.4467344161678,10.344606749735142,4.7628311133748396
18.2360769794073,62.03992369539011,17.820039746855038,1017.666649867148,0.6779635734592118,6.172193772058233
43.00940432910816,62.730900745197324,10.437189068690556,984.6552606185577,10.071854133244184,8.71622271849748
24.598420493556567,62.07637579470978,0.43517359561186275,1043.2291266569096,4.501782474214858,12.258772464445835
10.692248978819519,82.00655145300597,17.160458867131375,1032.3596669138383,0.6797314785977164,4.017666647820118
26.281044149107892,73.90335083421293,0.0,1007.0420702578102,2.7890782801250875,8.30872788067413
18.18948342525119,20.894170480035797,14.450927631316251,996.4659538931621,0.8768903543235089,1.3059036500117687
33.406435489887244,74.83851164794642,4.053479689337516,1018.2134242070533,6.0256655338588665,21.582593389913384
18.473760206976092,67.92104292078162,30.898207993846462,1014.300465491216,7.112056675187441,3.8638525589103803
20.538165667852205,64.71936865331153,22.290901777397774,1018.3350342284484,0.5591096187404582,10.46049902263628
6.104592690544692,59.17222320366671,15.846030330171843,1015.8736609429113,3.5275145224803195,0.1644064850829255
20.476936807509233,81.86169079979021,25.109653421237347,1020.5936148395889,8.426873903771266,1.8371887353517296
0.7612067337104342,79.21289693184286,8.229472180274113,1034.709585490877,13.757114851591204,5.34112281497737
9.160971765142767,53.40683498264586,19.347835029360745,1021.5215480769297,3.6027755154531165,16.84644628858957
32.604146561442974,71.10578430686803,16.59848346974971,997.2551675163509,15.00666198622234,5.993595720844859
32.85800158650832,50.42514898188071,17.11216065066936,1033.4384427906868,3.836003145142411,21.259291948781524
29.254575617849646,44.305727528166045,25.178828000854143,1037.6092184523243,2.505948449274814,5.290039837372158
15.33023856870787,55.59924163115052,20.859936822238417,1060.2808510176812,9.426060119679295,5.393804184311236
24.5228864385802,77.93590208574138,17.309789302600187,996.1475895014061,3.396050871559142,1.0203653804711403
24.963974609094315,79.2968756806413,1.7609005101736308,1016.6432301972541,3.1923718661861518,12.982464938918524
13.416353108074572,72.6962813014594,7.31962963776429,981.7685194521652,3.369787326945151,2.2691529540676942
40.0339830176715,75.87643680271995,14.018328531234207,1021.2972373456881,9.379565637224465,18.38973980480757
33.77362290575671,72.74267430672438,15.74697899421321,1004.7769955274985,8.917216969812547,19.337166437074757
22.79035826170336,55.37777607165572,5.958370202608609,1041.8516869223743,2.5835477712548167,22.96127539267985
25.268858389945308,71.47883817010911,34.29341340462737,1001.3807754497212,2.0270744958722076,5.875595808301426
27.083828079475524,77.00614287841523,27.131152442028583,987.6622544304911,3.3856607823883875,9.043146826304651
4.582651315757094,76.31436994720362,19.81694656313987,1005.9310438894622,4.25219321770099,12.059235082781445
22.528226174794032,82.83370057211964,15.576294890269958,983.367683431743,1.3612567743746915,1.123431809926616
18.180157520022014,75.62455770801596,13.302328240790786,1024.2664918176097,7.898305492988001,7.349492697107282
14.983799901050844,70.27172311312374,7.3846523198221155,982.0237543061552,3.332358439125339,0.27919903018278347
22.188997071140452,81.05225357474642,15.6198441481509,1013.4268637177474,2.0326700090074037,5.506329255426389
42.976865268495224,64.6021811112641,17.062020321142004,981.832822702157,0.5648413119340875,1.3458599468489998
31.4084286126701,51.771880231584234,5.065915396147005,1008.1955329319504,1.364592366140808,1.6161748056317247
19.28821010217203,62.553995540843545,17.67341133795918,1037.650672337068,14.907290357822529,3.633641528580226
30.725827813561587,53.82646032790326,13.75792760940201,1018.4097183715369,1.8199343898886204,4.531230530505911
